Date,Revenue,Product_Category,Region,COGS,Salaries,Rent_Utilities,Marketing_Spend,Marketing_Campaign,Total_Expenses,Profit
01-01-2022,1330.82,Consulting Service,East,554.05,300,145.27,102.9,None,1102.23,228.59
02-01-2022,1343.75,Hardware Sale,South,585.65,300,147.18,108.94,None,1141.77,201.99
03-01-2022,1506.52,Consulting Service,East,611.78,300,161.27,119.41,None,1192.46,314.07
04-01-2022,1602.23,Software License,South,608.34,300,157.69,121.53,None,1187.56,414.67
05-01-2022,1603.86,Hardware Sale,West,706.08,300,159.09,116.1,None,1281.27,322.6
06-01-2022,1530.52,Hardware Sale,North,598.12,300,151.71,108.72,None,1158.55,371.97
07-01-2022,1342.52,Consulting Service,East,529.12,300,136.89,112.8,None,1078.81,263.7
08-01-2022,1332.67,Software License,South,446.67,300,156.57,105.85,None,1009.09,323.57
09-01-2022,1552.58,Hardware Sale,North,554.42,300,150.94,111.91,None,1117.26,435.32
10-01-2022,1692.06,Consulting Service,East,688.74,300,167.47,111.59,None,1267.79,424.26
11-01-2022,1716.98,Consulting Service,North,611.07,300,126.05,118.91,None,1156.03,560.95
12-01-2022,1597.03,Software License,North,696.34,300,164.06,106.64,None,1267.04,329.99
13-01-2022,1628.72,Hardware Sale,South,657.14,300,149.49,105.44,None,1212.08,416.64
14-01-2022,1671.98,Software License,East,650.24,300,141.78,119.5,None,1211.51,460.46
15-01-2022,1427.94,Hardware Sale,East,572.57,300,157.37,119.58,None,1149.52,278.42
16-01-2022,1640.55,Hardware Sale,South,753.54,300,143.51,101.37,None,1298.42,342.13
17-01-2022,1781.97,Hardware Sale,South,680.11,300,140.38,117.95,None,1238.44,543.54
18-01-2022,1878.92,Software License,North,807.33,300,153.82,110.96,None,1372.11,506.82
19-01-2022,1779.74,Software License,South,758.11,300,150.22,121.33,None,1329.66,450.08
20-01-2022,1691.42,Consulting Service,East,556.55,300,151.29,106.83,None,1114.67,576.75
21-01-2022,1613.26,Hardware Sale,East,577.99,300,128.78,113.4,None,1120.17,493.09
22-01-2022,1417.29,Hardware Sale,West,597.68,300,155.33,108.28,None,1161.28,256.01
23-01-2022,1615.41,Software License,South,642.45,300,152.85,103.03,None,1198.34,417.07
24-01-2022,1654.24,Software License,West,772.24,300,168.13,100.3,None,1340.68,313.57
25-01-2022,1856.01,Consulting Service,South,772.73,300,148.88,124,None,1345.6,510.41
26-01-2022,1867.85,Software License,South,694.4,300,148.07,121.64,None,1264.11,603.74
27-01-2022,1728.69,Consulting Service,South,722.91,300,147.15,100.91,None,1270.97,457.72
28-01-2022,1609.21,Consulting Service,South,684.49,300,153.68,116.32,None,1254.49,354.71
29-01-2022,1650.35,Hardware Sale,South,667.55,300,151.6,113.07,None,1232.22,418.13
30-01-2022,1692.57,Hardware Sale,North,669.57,300,148.63,101.72,None,1219.92,472.64
31-01-2022,1716.46,Software License,West,653.7,300,164.25,111.72,None,1229.67,486.8
01-02-2022,1777.36,Software License,North,714.07,300,169.21,118.65,None,1301.93,475.43
02-02-2022,2042.17,Software License,West,884.6,300,149.38,102.17,None,1436.15,606.02
03-02-2022,1616.85,Consulting Service,South,674.47,300,148.64,113.48,None,1236.6,380.25
04-02-2022,1695.05,Hardware Sale,East,664.6,300,153.58,115.58,None,1233.76,461.29
05-02-2022,1735.19,Software License,North,639.6,300,154.28,110.5,None,1204.38,530.81
06-02-2022,1655.34,Software License,North,647.15,300,135.47,103.01,None,1185.62,469.72
07-02-2022,1949.97,Consulting Service,North,791.9,300,139.02,113.76,None,1344.68,605.29
08-02-2022,1755.41,Software License,South,704.31,300,153.38,108.55,None,1266.24,489.17
09-02-2022,1930.79,Software License,West,827.6,300,151.78,119.07,None,1398.46,532.34
10-02-2022,1925.93,Consulting Service,East,819.35,300,145.44,114.12,None,1378.91,547.02
11-02-2022,1697.17,Software License,North,659.65,300,143.49,121.88,None,1225.01,472.16
12-02-2022,1595.4,Software License,East,659.63,300,164.9,110.2,None,1234.72,360.68
13-02-2022,1684.24,Hardware Sale,North,585.3,300,161.98,112.78,None,1160.07,524.17
14-02-2022,1830.65,Software License,West,708.31,300,141.76,117.82,None,1267.89,562.77
15-02-2022,1789.09,Software License,West,693.68,300,140.21,120.33,None,1254.22,534.88
16-02-2022,1945.32,Software License,East,824.57,300,160.42,113.02,None,1398.01,547.3
17-02-2022,1846.68,Software License,South,720.34,300,146.96,105.32,None,1272.62,574.06
18-02-2022,1823.68,Consulting Service,West,736.41,300,146.67,106.16,None,1289.23,534.45
19-02-2022,1830.23,Consulting Service,South,818.62,300,152.56,119.4,None,1390.58,439.65
20-02-2022,1749.11,Hardware Sale,North,681.31,300,140.68,117.88,None,1239.87,509.24
21-02-2022,1811.47,Hardware Sale,South,785.25,300,136.85,100.31,None,1322.41,489.06
22-02-2022,1923.3,Consulting Service,North,783.46,300,127.93,124.99,None,1336.38,586.92
23-02-2022,2147.58,Hardware Sale,East,850.59,300,161.16,121.34,None,1433.1,714.48
24-02-2022,1839.71,Software License,East,733.23,300,141.51,122.99,None,1297.73,541.98
25-02-2022,1843.77,Consulting Service,North,818.13,300,140.23,121.77,None,1380.12,463.65
26-02-2022,1882.16,Hardware Sale,East,697.28,300,157.92,109.6,None,1264.79,617.36
27-02-2022,1796.69,Consulting Service,South,729.24,300,133.73,123.88,None,1286.86,509.84
28-02-2022,1971.35,Consulting Service,North,864.32,300,147.16,116.73,None,1428.2,543.15
01-03-2022,1999.65,Hardware Sale,South,719.58,300,159.87,114.73,None,1294.18,705.47
02-03-2022,2152.32,Software License,North,980.8,300,150.69,119.8,None,1551.28,601.04
03-03-2022,1931.7,Consulting Service,South,761.19,300,150.27,119.56,None,1331.02,600.68
04-03-2022,1812.39,Hardware Sale,West,694.62,300,152.46,124.08,None,1271.16,541.23
05-03-2022,1687.16,Software License,West,748.15,300,143.04,111.26,None,1302.45,384.71
06-03-2022,1817.81,Consulting Service,East,752.03,300,149.83,108.32,None,1310.19,507.63
07-03-2022,1987.82,Software License,West,727.43,300,136.91,123.31,None,1287.65,700.17
08-03-2022,2044.21,Hardware Sale,East,837.55,300,151.2,114.19,None,1402.93,641.29
09-03-2022,2110.59,Hardware Sale,South,850.74,300,148.72,115.73,None,1415.19,695.4
10-03-2022,2169.64,Hardware Sale,East,804.08,300,144.33,117.12,None,1365.53,804.12
11-03-2022,1715.48,Hardware Sale,South,703.75,300,152.61,112.75,None,1269.12,446.37
12-03-2022,1806.86,Hardware Sale,North,727.74,300,141.94,106.94,None,1276.61,530.25
13-03-2022,1826.63,Consulting Service,West,729.64,300,123.95,118.74,None,1272.34,554.3
14-03-2022,1919.74,Consulting Service,West,705.47,300,144,100.85,None,1250.32,669.42
15-03-2022,1990.72,Software License,West,779.5,300,135.82,100.1,None,1315.43,675.29
16-03-2022,2167.77,Consulting Service,South,929.65,300,141.75,100.93,None,1472.33,695.44
17-03-2022,2054.96,Hardware Sale,East,767.28,300,171.76,105.23,None,1344.28,710.68
18-03-2022,1657.22,Consulting Service,East,636.32,300,136.46,100.99,None,1173.77,483.44
19-03-2022,1953.61,Software License,South,677.42,300,139.1,124.25,None,1240.77,712.83
20-03-2022,1865.92,Software License,West,865.6,300,155.97,120.33,None,1441.9,424.02
21-03-2022,1922.83,Software License,East,770.92,300,148.44,122.44,None,1341.8,581.03
22-03-2022,1977.89,Software License,West,761.83,300,145.76,115.88,None,1323.47,654.41
23-03-2022,2088.48,Consulting Service,West,863.96,300,145.28,104.59,None,1413.83,674.66
24-03-2022,2007.55,Consulting Service,South,858.78,300,158.68,115.71,None,1433.17,574.38
25-03-2022,1889.7,Software License,East,751.9,300,149.86,118.75,None,1320.51,569.19
26-03-2022,1741.99,Software License,West,638.3,300,146.36,110.51,None,1195.17,546.82
27-03-2022,1911.46,Software License,South,822.74,300,143.99,124.12,None,1390.85,520.61
28-03-2022,2011.98,Hardware Sale,West,838.31,300,154.22,110.92,None,1403.45,608.53
29-03-2022,2112.16,Hardware Sale,West,783.58,300,139.49,115.58,None,1338.65,773.51
30-03-2022,2239.07,Hardware Sale,East,804.04,300,154.88,118.04,None,1376.96,862.12
31-03-2022,2075.09,Software License,South,914,300,151.64,113.03,None,1478.67,596.42
01-04-2022,1990.27,Hardware Sale,South,749.15,300,149.48,102.29,None,1300.93,689.34
02-04-2022,1787.53,Consulting Service,South,667.01,300,159.72,109.44,None,1236.17,551.36
03-04-2022,1685.07,Hardware Sale,South,712.63,300,143.73,106.42,None,1262.78,422.29
04-04-2022,2127.42,Consulting Service,East,739.65,300,149.19,106.71,None,1295.55,831.87
05-04-2022,2052.99,Software License,West,879.56,300,144.13,104.18,None,1427.87,625.12
06-04-2022,2268.09,Consulting Service,South,886.27,300,159.57,107.71,None,1453.55,814.54
07-04-2022,2022.21,Hardware Sale,North,823.98,300,146.21,108.78,None,1378.97,643.24
08-04-2022,1923.55,Software License,East,683.26,300,143.65,103.41,None,1230.32,693.22
09-04-2022,1922.28,Software License,West,795.77,300,157.08,100.24,None,1353.1,569.18
10-04-2022,1779.04,Consulting Service,West,674.6,300,162.41,121.77,None,1258.78,520.26
11-04-2022,2100.58,Software License,West,854.44,300,134.83,103.37,None,1392.65,707.94
12-04-2022,2111.41,Software License,East,923.79,300,148.82,120.46,None,1493.06,618.35
13-04-2022,2017.72,Consulting Service,South,877.92,300,155.27,115.88,None,1449.07,568.64
14-04-2022,2134.4,Software License,South,833.63,300,151.17,103.06,None,1387.87,746.53
15-04-2022,1891.31,Hardware Sale,East,877.09,300,154.81,107.86,None,1439.75,451.56
16-04-2022,1738.52,Consulting Service,East,745.25,300,153.79,107.34,None,1306.39,432.13
17-04-2022,1958.22,Software License,East,731.3,300,158.97,119.55,None,1309.82,648.4
18-04-2022,2098.89,Hardware Sale,East,946.39,300,166.32,110.09,None,1522.79,576.1
19-04-2022,2098.37,Hardware Sale,West,823.15,300,152.09,120.24,None,1395.48,702.89
20-04-2022,2078.1,Hardware Sale,East,817.13,300,162.77,109.28,None,1389.18,688.92
21-04-2022,2001.78,Hardware Sale,West,851.05,300,142.9,103.84,None,1397.78,604.01
22-04-2022,1833.75,Consulting Service,South,737.87,300,149.19,110.51,None,1297.58,536.18
23-04-2022,1643.6,Consulting Service,East,618.71,300,162.08,118.27,None,1199.06,444.53
24-04-2022,1900.33,Hardware Sale,East,685.84,300,134.2,110.18,None,1230.23,670.11
25-04-2022,1869.32,Hardware Sale,North,750.5,300,143.83,108.21,None,1302.54,566.77
26-04-2022,2181.65,Hardware Sale,North,929.84,300,142,100.37,None,1472.21,709.44
27-04-2022,2113.78,Hardware Sale,South,871.96,300,147.71,106.86,None,1426.54,687.25
28-04-2022,1885.97,Hardware Sale,East,705.79,300,155.22,124.48,None,1285.5,600.47
29-04-2022,2032.73,Hardware Sale,East,817.65,300,147.16,123.77,None,1388.58,644.15
30-04-2022,1939.13,Software License,South,761.38,300,144.33,115.61,None,1321.33,617.81
01-05-2022,1839.49,Hardware Sale,West,787.97,300,157.89,105.02,None,1350.87,488.62
02-05-2022,1953.28,Consulting Service,East,786.2,300,155.23,101.89,None,1343.32,609.96
03-05-2022,2234.27,Hardware Sale,West,903.99,300,153.95,122.08,None,1480.01,754.26
04-05-2022,2018.4,Software License,South,795.68,300,145.43,121.49,None,1362.6,655.8
05-05-2022,1955.88,Software License,South,722.11,300,163.38,118.18,None,1303.67,652.21
06-05-2022,1944.58,Consulting Service,East,832.59,300,147.59,109.07,None,1389.25,555.33
07-05-2022,2073.71,Software License,East,814.88,300,163.27,119.16,None,1397.31,676.39
08-05-2022,1887.9,Software License,North,675.73,300,145.15,112.07,None,1232.96,654.94
09-05-2022,2042.4,Software License,South,817.65,300,167.35,111.95,None,1396.95,645.46
10-05-2022,2121.62,Hardware Sale,East,828.61,300,139.18,114.27,None,1382.07,739.55
11-05-2022,1874.41,Software License,South,752.2,300,150.04,124.17,None,1326.41,548
12-05-2022,1877.05,Hardware Sale,South,877.36,300,159.05,120.03,None,1456.44,420.61
13-05-2022,1946.77,Consulting Service,West,767.9,300,147.32,119.92,None,1335.14,611.63
14-05-2022,1920.9,Consulting Service,West,708.04,300,145.44,113.07,None,1266.55,654.35
15-05-2022,1980.94,Consulting Service,South,663.09,300,140.06,118.91,None,1222.07,758.87
16-05-2022,1735.43,Software License,North,671.21,300,148.02,103.79,None,1223.01,512.42
17-05-2022,1953.5,Consulting Service,North,755.65,300,139.41,100.17,None,1295.23,658.28
18-05-2022,1929.07,Consulting Service,South,718.34,300,142.18,102.81,None,1263.33,665.74
19-05-2022,2018.58,Consulting Service,South,843.32,300,161.25,111.31,None,1415.88,602.69
20-05-2022,1645,Hardware Sale,North,631.79,300,157.71,109.64,None,1199.15,445.86
21-05-2022,1777.85,Hardware Sale,East,735.99,300,157,114.81,None,1307.8,470.05
22-05-2022,1896.67,Consulting Service,West,780.21,300,134.76,119.71,None,1334.68,561.99
23-05-2022,1807.57,Software License,West,658.61,300,136.47,122.83,None,1217.91,589.67
24-05-2022,1990.74,Consulting Service,West,846.98,300,175.55,102.81,None,1425.35,565.39
25-05-2022,2070.4,Software License,South,864.52,300,126.48,124.71,None,1415.72,654.68
26-05-2022,1810.23,Consulting Service,North,692.22,300,137.26,120.12,None,1249.61,560.62
27-05-2022,1701.31,Hardware Sale,West,725.18,300,157.24,101.28,None,1283.71,417.61
28-05-2022,1874.12,Consulting Service,North,805.88,300,149.67,101.93,None,1357.48,516.64
29-05-2022,1942.16,Consulting Service,West,810.14,300,158.71,105.68,None,1374.53,567.63
30-05-2022,1735.1,Consulting Service,North,677.31,300,163.89,124.56,None,1265.76,469.33
31-05-2022,1958.91,Consulting Service,South,800.8,300,147.67,109.28,None,1357.75,601.15
01-06-2022,2030.16,Software License,North,835.17,300,139.38,122.53,None,1397.09,633.07
02-06-2022,2224.18,Software License,East,916.77,300,154.09,124.53,None,1495.39,728.8
03-06-2022,1641.83,Consulting Service,South,631.34,300,142.28,123.85,None,1197.48,444.35
04-06-2022,1567.92,Hardware Sale,East,640.74,300,148.47,106.7,None,1195.92,372
05-06-2022,1717.78,Software License,West,757.18,300,163.47,118.16,None,1338.82,378.96
06-06-2022,1776.26,Software License,North,666.57,300,151.36,104.58,None,1222.52,553.74
07-06-2022,1874.18,Software License,East,766.36,300,164.52,121.21,None,1352.09,522.09
08-06-2022,1867.43,Consulting Service,West,633.24,300,142.75,112.62,None,1188.61,678.82
09-06-2022,1905.66,Hardware Sale,South,769.37,300,160.85,101.66,None,1331.87,573.79
10-06-2022,1721.87,Hardware Sale,East,641.43,300,166.09,123.13,None,1230.65,491.22
11-06-2022,1698.41,Hardware Sale,South,650.67,300,136.12,109.64,None,1196.42,501.99
12-06-2022,1446.15,Consulting Service,South,549.39,300,147.89,122.1,None,1119.39,326.76
13-06-2022,1858.64,Consulting Service,North,639.86,300,143.5,110.49,None,1193.85,664.8
14-06-2022,1869.29,Consulting Service,South,696.19,300,138.43,109.74,None,1244.37,624.93
15-06-2022,1904.84,Consulting Service,East,835.42,300,158.01,109.2,None,1402.63,502.21
16-06-2022,1854.33,Consulting Service,North,692.03,300,140.85,113.93,None,1246.81,607.52
17-06-2022,1539.27,Software License,North,595.28,300,156.01,114.7,None,1165.98,373.29
18-06-2022,1811.5,Hardware Sale,North,788.99,300,152.01,108.04,None,1349.04,462.46
19-06-2022,1574.8,Software License,West,688.39,300,160.05,103.36,None,1251.8,323
20-06-2022,1832.18,Software License,East,791.15,300,151.18,121.16,None,1363.49,468.7
21-06-2022,1851.25,Software License,East,733.34,300,154.65,118.45,None,1306.44,544.81
22-06-2022,1886.06,Software License,West,722.6,300,150.84,124.08,None,1297.51,588.55
23-06-2022,1844.08,Hardware Sale,West,732.13,300,131.61,119.11,None,1282.84,561.24
24-06-2022,1478.02,Hardware Sale,West,572.96,300,151.21,100.07,None,1124.24,353.79
25-06-2022,1560.66,Software License,South,618.87,300,151.4,117.93,None,1188.2,372.46
26-06-2022,1570.2,Hardware Sale,North,592.86,300,135.45,112.77,None,1141.09,429.11
27-06-2022,1624.38,Software License,North,704.23,300,149.16,122.1,None,1275.48,348.89
28-06-2022,1671.35,Software License,East,648.83,300,156.17,115.47,None,1220.48,450.88
29-06-2022,1843.31,Consulting Service,East,711.66,300,150.47,114.16,None,1276.29,567.01
30-06-2022,1679.03,Software License,South,691.74,300,146.8,102.26,None,1240.81,438.22
01-07-2022,1472.98,Hardware Sale,North,558.48,300,137.94,116.43,None,1112.84,360.14
02-07-2022,1372.06,Consulting Service,West,571.76,300,157.51,110.66,None,1139.94,232.12
03-07-2022,1606.07,Hardware Sale,South,790.27,300,132.52,100.07,None,1322.87,283.21
04-07-2022,1551.46,Consulting Service,West,602,300,161.23,120.16,None,1183.38,368.08
05-07-2022,1797.59,Software License,North,809.82,300,140.91,104.5,None,1355.23,442.36
06-07-2022,1734.11,Consulting Service,East,736.15,300,158.58,115.15,None,1309.88,424.23
07-07-2022,1883.93,Hardware Sale,South,658.83,300,152.32,110.66,None,1221.81,662.12
08-07-2022,1590.06,Software License,North,592.95,300,140.82,115.82,None,1149.59,440.47
09-07-2022,1489.84,Hardware Sale,South,570.24,300,150.66,119.59,None,1140.49,349.35
10-07-2022,1546.12,Software License,East,610.6,300,145.76,117.92,None,1174.28,371.84
11-07-2022,1477.33,Hardware Sale,East,562.74,300,151.62,103.77,None,1118.13,359.2
12-07-2022,1741.29,Hardware Sale,North,701.36,300,146.69,109.19,None,1257.23,484.06
13-07-2022,1720.22,Software License,West,715.94,300,148.91,115.97,None,1280.82,439.4
14-07-2022,1510.22,Consulting Service,North,560.02,300,141.57,112.69,None,1114.28,395.94
15-07-2022,1550.78,Consulting Service,South,590.16,300,162.25,102.29,None,1154.7,396.08
16-07-2022,1336.07,Software License,North,492.27,300,150.84,115.13,None,1058.24,277.83
17-07-2022,1325.93,Consulting Service,North,582.35,300,142.2,105.36,None,1129.9,196.02
18-07-2022,1595.9,Software License,East,705.88,300,143.28,111.6,None,1260.77,335.13
19-07-2022,1712.97,Software License,East,631.48,300,141.52,123.16,None,1196.16,516.81
20-07-2022,1708.7,Consulting Service,West,639.67,300,141.86,113.93,None,1195.46,513.24
21-07-2022,1558.09,Consulting Service,East,661.35,300,160.56,117.05,None,1238.96,319.13
22-07-2022,1377.1,Consulting Service,North,505.91,300,126.1,111.64,None,1043.65,333.45
23-07-2022,1412.97,Hardware Sale,East,580.83,300,154.32,111.04,None,1146.19,266.78
24-07-2022,1404.91,Consulting Service,South,609.53,300,161.85,105.95,None,1177.33,227.58
25-07-2022,1462.58,Software License,South,639.32,300,151.75,113.28,None,1204.35,258.23
26-07-2022,1639.9,Software License,East,623.32,300,148.53,124.68,None,1196.53,443.36
27-07-2022,1689.46,Hardware Sale,East,750.87,300,149.92,123.24,None,1324.03,365.43
28-07-2022,1534.44,Software License,West,534.54,300,168.29,116.24,None,1119.08,415.37
29-07-2022,1514.73,Hardware Sale,East,667.01,300,154.66,112.54,None,1234.21,280.52
30-07-2022,1110.41,Hardware Sale,South,430.56,300,166.24,118.55,None,1015.35,95.06
31-07-2022,1551.78,Hardware Sale,North,626.08,300,152.46,117.53,None,1196.07,355.71
01-08-2022,1557.17,Hardware Sale,West,636.53,300,155.83,116.18,None,1208.53,348.64
02-08-2022,1664.89,Hardware Sale,East,694.29,300,149.74,110.55,None,1254.58,410.31
03-08-2022,1775.64,Software License,North,691.63,300,148.27,109.5,None,1249.39,526.24
04-08-2022,1432.48,Software License,East,427.05,300,168.35,103.66,None,999.06,433.41
05-08-2022,1369.57,Consulting Service,East,606.23,300,139.48,111.5,None,1157.22,212.35
06-08-2022,1275.32,Consulting Service,West,475,300,167.4,102.05,None,1044.45,230.87
07-08-2022,1196.58,Hardware Sale,South,511.84,300,158.53,111.32,None,1081.68,114.9
08-08-2022,1434.67,Hardware Sale,South,515.19,300,129.16,110.39,None,1054.74,379.93
09-08-2022,1470.35,Hardware Sale,South,567,300,138.12,123.88,None,1129,341.35
10-08-2022,1471.2,Consulting Service,South,580.66,300,165.29,110.86,None,1156.82,314.38
11-08-2022,1556.25,Software License,West,639.13,300,154.59,105.39,None,1199.11,357.14
12-08-2022,1241.75,Hardware Sale,East,493.61,300,145.34,107.28,None,1046.23,195.51
13-08-2022,1436.02,Consulting Service,South,569.72,300,161.29,123.62,None,1154.62,281.4
14-08-2022,1181,Software License,North,589.97,300,162.25,101.73,None,1153.95,27.05
15-08-2022,1433.03,Hardware Sale,North,606.23,300,125.15,111.06,None,1142.43,290.59
16-08-2022,1475.13,Consulting Service,East,618.25,300,168.6,110.13,None,1196.97,278.16
17-08-2022,1466.21,Software License,West,537.83,300,137.19,114.43,None,1089.45,376.76
18-08-2022,1362.72,Hardware Sale,North,551.38,300,165.78,124.3,None,1141.46,221.26
19-08-2022,1456.44,Software License,South,521.46,300,128.18,111.86,None,1061.5,394.94
20-08-2022,1050.92,Hardware Sale,East,422.61,300,167.12,111.59,None,1001.32,49.6
21-08-2022,1501.85,Software License,South,635.68,300,137.38,117.08,None,1190.14,311.72
22-08-2022,1555.87,Consulting Service,East,602.8,300,138.76,121.14,None,1162.7,393.17
23-08-2022,1641.7,Hardware Sale,South,623.31,300,166.95,110.94,None,1201.2,440.5
24-08-2022,1508.43,Software License,West,575.94,300,158.23,121.55,None,1155.72,352.71
25-08-2022,1341.74,Software License,East,505.79,300,142.98,121.28,None,1070.05,271.69
26-08-2022,1204.71,Software License,West,511.31,300,159.23,114.6,None,1085.14,119.57
27-08-2022,1048.3,Hardware Sale,West,401.4,300,160.42,121.41,None,983.22,65.08
28-08-2022,1224.33,Software License,South,495.96,300,149.06,103.17,None,1048.19,176.14
29-08-2022,1302.86,Software License,South,430.01,300,149.27,124.31,None,1003.59,299.27
30-08-2022,1502.11,Consulting Service,South,536.58,300,134.27,116.46,None,1087.32,414.79
31-08-2022,1510.77,Hardware Sale,North,623.71,300,152.87,122.32,None,1198.9,311.87
01-09-2022,1392.32,Software License,North,474.48,300,153.29,105.48,None,1033.25,359.07
02-09-2022,1206.12,Consulting Service,West,557.8,300,155.46,120.8,None,1134.06,72.07
03-09-2022,1097.54,Software License,South,469.94,300,159.07,117.37,None,1046.38,51.16
04-09-2022,1131.95,Software License,North,514.77,300,141.16,121.41,None,1077.34,54.61
05-09-2022,1341.61,Consulting Service,West,492.54,300,156.7,100.44,None,1049.67,291.94
06-09-2022,1324.23,Software License,North,582.69,300,151.44,104.21,None,1138.34,185.89
07-09-2022,1501.67,Hardware Sale,West,602.27,300,133.64,108.54,None,1144.45,357.22
08-09-2022,1449.67,Software License,East,579.33,300,145.96,109.3,None,1134.58,315.09
09-09-2022,1409.66,Software License,East,451.69,300,142.69,120.29,None,1014.67,395
10-09-2022,1156.02,Software License,East,524.6,300,156.39,112.8,None,1093.79,62.23
11-09-2022,1292.07,Consulting Service,East,520.98,300,153.13,106.13,None,1080.24,211.84
12-09-2022,1190.84,Software License,East,376.86,300,144.35,104.46,None,925.68,265.16
13-09-2022,1394.49,Hardware Sale,East,500.14,300,163.37,108.2,None,1071.71,322.78
14-09-2022,1546.64,Software License,South,711.86,300,146.14,101.71,None,1259.7,286.93
15-09-2022,1314.06,Consulting Service,South,553.67,300,141.2,119.17,None,1114.04,200.02
16-09-2022,1458.32,Software License,North,621.27,300,149,107.23,None,1177.49,280.83
17-09-2022,1116.75,Consulting Service,East,451.83,300,145.14,104.42,None,1001.39,115.35
18-09-2022,1375.96,Consulting Service,North,636.07,300,154.74,123.65,None,1214.47,161.49
19-09-2022,1427.28,Software License,East,666.16,300,145.36,107.42,None,1218.94,208.34
20-09-2022,1317.3,Hardware Sale,East,597.34,300,161.84,101.97,None,1161.14,156.16
21-09-2022,1309.36,Hardware Sale,North,511.9,300,129.69,100.69,None,1042.28,267.09
22-09-2022,1233.04,Software License,East,441.56,300,152.23,111.19,None,1004.98,228.06
23-09-2022,1259.48,Software License,West,433.19,300,163.96,114.75,None,1011.9,247.58
24-09-2022,1327.65,Consulting Service,West,462.4,300,156.55,116.41,None,1035.36,292.29
25-09-2022,1138.43,Software License,East,461.01,300,155.75,101.7,None,1018.46,119.97
26-09-2022,1448.51,Software License,East,553.91,300,156.75,106.27,None,1116.92,331.59
27-09-2022,1345.46,Hardware Sale,East,494.79,300,149,119.76,None,1063.54,281.92
28-09-2022,1451.92,Consulting Service,East,622.51,300,153.07,113.07,None,1188.65,263.27
29-09-2022,1325.16,Consulting Service,West,519.2,300,150.51,124.7,None,1094.41,230.75
30-09-2022,1339.64,Consulting Service,East,621.17,300,150.94,100.12,None,1172.23,167.41
01-10-2022,1168.96,Consulting Service,South,428.43,300,154.47,123.7,None,1006.59,162.37
02-10-2022,1381.74,Software License,North,655.93,300,134.91,116.09,None,1206.94,174.8
03-10-2022,1368.94,Hardware Sale,North,544.66,300,150.94,110.97,None,1106.56,262.38
04-10-2022,1551.12,Hardware Sale,West,694.82,300,137.51,109.83,None,1242.16,308.95
05-10-2022,1486.41,Software License,North,607.66,300,153.2,112.3,None,1173.17,313.24
06-10-2022,1572.12,Consulting Service,North,596.19,300,145.14,122.46,None,1163.79,408.33
07-10-2022,1350.27,Consulting Service,South,461.01,300,135.24,122.36,None,1018.61,331.66
08-10-2022,1213.52,Consulting Service,West,533.97,300,139.96,108.29,None,1082.23,131.29
09-10-2022,1112.48,Consulting Service,North,390.78,300,138.92,108.44,None,938.14,174.35
10-10-2022,1284.96,Consulting Service,North,444.01,300,152.86,111.92,None,1008.79,276.17
11-10-2022,1505.12,Consulting Service,North,512.8,300,134.55,104.09,None,1051.44,453.68
12-10-2022,1416.44,Software License,North,631.73,300,169.58,104.6,None,1205.9,210.53
13-10-2022,1487.8,Hardware Sale,West,555.57,300,138.13,104.31,None,1098.02,389.78
14-10-2022,1537.92,Software License,North,511.84,300,139.18,106.4,None,1057.42,480.5
15-10-2022,1163.75,Software License,South,436.3,300,139.45,100.91,None,976.66,187.09
16-10-2022,1258.88,Consulting Service,South,451.57,300,152.15,114.77,None,1018.48,240.4
17-10-2022,1247.35,Software License,South,498.52,300,151.89,117.47,None,1067.88,179.48
18-10-2022,1478.03,Software License,West,660.34,300,148.83,122.73,None,1231.9,246.12
19-10-2022,1743.74,Software License,North,699.1,300,151.18,123.88,None,1274.16,469.58
20-10-2022,1405.26,Consulting Service,West,516.86,300,153.57,123.03,None,1093.46,311.8
21-10-2022,1162.57,Consulting Service,East,443.7,300,161.57,109.26,None,1014.52,148.05
22-10-2022,1118.32,Software License,North,492.74,300,156.57,118.95,None,1068.26,50.06
23-10-2022,1162.04,Hardware Sale,West,410.43,300,143.7,116.04,None,970.16,191.87
24-10-2022,1294.66,Software License,South,540.85,300,156.64,110.77,None,1108.26,186.39
25-10-2022,1471.14,Software License,North,608.93,300,151.04,107.98,None,1167.94,303.19
26-10-2022,1482.05,Hardware Sale,East,557.05,300,130.35,119.7,None,1107.09,374.96
27-10-2022,1371.78,Software License,South,597.09,300,139,119.02,None,1155.1,216.68
28-10-2022,1428.13,Software License,North,595.91,300,163.95,109.86,None,1169.73,258.4
29-10-2022,1149,Consulting Service,East,536.58,300,137.88,117.26,None,1091.73,57.27
30-10-2022,1194.53,Consulting Service,West,564.72,300,159.59,117.02,None,1141.32,53.21
31-10-2022,1464.36,Software License,West,493.35,300,149.35,122.71,None,1065.42,398.94
01-11-2022,1540.27,Software License,East,610.39,300,151.96,105.05,None,1167.4,372.86
02-11-2022,1630.14,Consulting Service,East,590.53,300,157.22,110.12,None,1157.87,472.28
03-11-2022,1303.78,Software License,East,508.85,300,169.91,108.68,None,1087.44,216.34
04-11-2022,1345.03,Hardware Sale,South,565.22,300,150.74,110.67,None,1126.62,218.41
05-11-2022,1382.33,Consulting Service,South,493.19,300,150.95,120.41,None,1064.55,317.77
06-11-2022,1267.48,Consulting Service,North,561.4,300,157.66,105.35,None,1124.41,143.07
07-11-2022,1464.5,Hardware Sale,South,634.14,300,145.79,116.83,None,1196.75,267.75
08-11-2022,1642.89,Software License,East,715.79,300,158.46,116.23,None,1290.49,352.4
09-11-2022,1498.04,Software License,South,597.25,300,159.66,116.21,None,1173.13,324.92
10-11-2022,1511.97,Hardware Sale,North,611.29,300,151.05,112.9,None,1175.24,336.73
11-11-2022,1316.88,Software License,West,520.21,300,169.83,115.94,None,1105.98,210.89
12-11-2022,1437.19,Hardware Sale,West,598.68,300,147.73,119.92,None,1166.32,270.87
13-11-2022,1391.72,Software License,North,528.57,300,151.51,104.99,None,1085.08,306.64
14-11-2022,1490.34,Consulting Service,North,636.45,300,147.02,119.16,None,1202.63,287.71
15-11-2022,1693.42,Hardware Sale,North,660.69,300,141.42,115.4,None,1217.51,475.91
16-11-2022,1513.47,Consulting Service,East,584.16,300,144.23,118.52,None,1146.92,366.55
17-11-2022,1534.94,Consulting Service,East,573.67,300,149.86,105.1,None,1128.63,406.3
18-11-2022,1308.65,Hardware Sale,South,489.47,300,165.95,103.12,None,1058.55,250.1
19-11-2022,1386.99,Hardware Sale,South,542.16,300,149.56,101.11,None,1092.83,294.16
20-11-2022,1336.49,Consulting Service,North,511.46,300,154.18,100.38,None,1066.02,270.47
21-11-2022,1560.05,Hardware Sale,South,618.84,300,143.97,105.83,None,1168.63,391.42
22-11-2022,1567.03,Software License,East,671.05,300,143.58,100.8,None,1215.43,351.6
23-11-2022,1748.65,Software License,North,733.25,300,151.97,117.17,None,1302.39,446.26
24-11-2022,1506.34,Consulting Service,North,635.48,300,159.71,100.01,None,1195.21,311.14
25-11-2022,1388.28,Software License,North,553.27,300,157.89,121.23,None,1132.39,255.89
26-11-2022,1329.04,Software License,East,511.17,300,136.06,123.36,None,1070.59,258.45
27-11-2022,1330.35,Hardware Sale,North,548.37,300,146.42,122.59,None,1117.38,212.97
28-11-2022,1598.86,Consulting Service,South,636.61,300,152.16,117.35,None,1206.12,392.73
29-11-2022,1590.21,Consulting Service,East,617.2,300,150.19,109.4,None,1176.79,413.41
30-11-2022,1678.25,Software License,West,724.05,300,140.34,116.07,None,1280.46,397.79
01-12-2022,1411.23,Software License,South,535.54,300,161.37,107.27,None,1104.18,307.05
02-12-2022,1405.67,Hardware Sale,East,593.82,300,147.58,117.4,None,1158.8,246.87
03-12-2022,1452.13,Consulting Service,North,539.6,300,156.27,105.08,None,1100.96,351.18
04-12-2022,1392.1,Hardware Sale,West,559.37,300,144.42,103.15,None,1106.94,285.17
05-12-2022,1497.83,Consulting Service,South,616.61,300,157.14,109.22,None,1182.97,314.85
06-12-2022,1646.89,Hardware Sale,West,677.44,300,141.34,112.78,None,1231.56,415.33
07-12-2022,1895.77,Software License,South,766.64,300,149.8,121.19,None,1337.63,558.15
08-12-2022,1815.73,Hardware Sale,South,763.15,300,155.89,115.07,None,1334.12,481.62
09-12-2022,1645.6,Software License,South,616.04,300,137.11,124.63,None,1177.78,467.82
10-12-2022,1430.14,Hardware Sale,South,601.41,300,139.14,114.67,None,1155.22,274.92
11-12-2022,1535.39,Software License,East,545.38,300,142.99,105.28,None,1093.65,441.74
12-12-2022,1787.29,Hardware Sale,East,677.37,300,148.72,121.69,None,1247.78,539.51
13-12-2022,1803.37,Hardware Sale,South,690.09,300,140.68,121.46,None,1252.23,551.14
14-12-2022,1777.29,Software License,North,682.35,300,145.45,101.21,None,1229.01,548.28
15-12-2022,1784.29,Hardware Sale,North,664.29,300,157.65,113.19,None,1235.13,549.16
16-12-2022,1777.61,Hardware Sale,South,726.89,300,144.75,117.46,None,1289.1,488.51
17-12-2022,1509.29,Hardware Sale,South,514.63,300,157.84,117.63,None,1090.1,419.19
18-12-2022,1486.36,Consulting Service,West,570.43,300,142.69,122.76,None,1135.88,350.49
19-12-2022,1737.8,Consulting Service,West,689.31,300,151.28,115.8,None,1256.39,481.42
20-12-2022,1921.08,Hardware Sale,West,651.24,300,143.07,124.41,None,1218.72,702.36
21-12-2022,1908.04,Software License,North,799.33,300,138.7,108.76,None,1346.79,561.25
22-12-2022,1774.87,Software License,North,794.72,300,162.89,111.69,None,1369.31,405.56
23-12-2022,1745.63,Consulting Service,North,795.53,300,163.6,111.75,None,1370.88,374.75
24-12-2022,1625.01,Software License,South,584.22,300,145.33,106.34,None,1135.88,489.13
25-12-2022,1490.18,Hardware Sale,North,689.1,300,161.36,123.84,None,1274.3,215.87
26-12-2022,1787.54,Hardware Sale,North,732.06,300,143.97,117,None,1293.03,494.51
27-12-2022,1734.47,Hardware Sale,East,682.09,300,172.12,116.62,None,1270.83,463.65
28-12-2022,1800.2,Hardware Sale,East,729.28,300,147.51,110.56,None,1287.35,512.85
29-12-2022,1818.93,Software License,North,788.98,300,161.12,107.14,None,1357.24,461.69
30-12-2022,1733.48,Consulting Service,South,746.92,300,162.94,124.4,None,1334.26,399.21
31-12-2022,1548.61,Consulting Service,North,605.35,300,154.25,101.62,None,1161.22,387.39
01-01-2023,1750.69,Software License,North,725.72,315,161.73,103.89,None,1306.34,444.35
02-01-2023,1619.84,Software License,North,679.01,315,140.09,121.16,None,1255.26,364.58
03-01-2023,1949.49,Software License,North,837.3,315,129.71,117.29,None,1399.29,550.19
04-01-2023,1736.03,Hardware Sale,East,665.8,315,152.39,111.28,None,1244.47,491.57
05-01-2023,3044.92,Software License,West,711.01,315,161.89,811.35,New Year Promo,1999.25,1045.67
06-01-2023,2987.5,Hardware Sale,South,628.64,315,157.54,1074.66,New Year Promo,2175.84,811.66
07-01-2023,2797.48,Hardware Sale,North,799.45,315,162.42,883.95,New Year Promo,2160.82,636.66
08-01-2023,2686.67,Hardware Sale,West,691.65,315,147.63,808.38,New Year Promo,1962.67,724
09-01-2023,3309.2,Software License,West,781.81,315,161.26,651.35,New Year Promo,1909.42,1399.78
10-01-2023,3276.52,Consulting Service,North,869.45,315,140.29,1090.15,New Year Promo,2414.89,861.63
11-01-2023,3525.59,Consulting Service,North,864.19,315,139.6,728.87,New Year Promo,2047.65,1477.94
12-01-2023,2977.01,Consulting Service,North,851.18,315,140.47,813.5,New Year Promo,2120.15,856.86
13-01-2023,3220.84,Hardware Sale,East,664.43,315,134.62,1062.74,New Year Promo,2176.8,1044.05
14-01-2023,2921.01,Software License,North,524.22,315,128.39,653.56,New Year Promo,1621.17,1299.85
15-01-2023,2939.84,Hardware Sale,South,686,315,160.91,609.28,New Year Promo,1771.18,1168.66
16-01-2023,3488.3,Hardware Sale,East,742.79,315,148.39,1055.07,New Year Promo,2261.25,1227.05
17-01-2023,3542,Software License,West,733.15,315,135.16,738.78,New Year Promo,1922.09,1619.91
18-01-2023,2940.11,Consulting Service,East,852.13,315,134.31,633.28,New Year Promo,1934.72,1005.39
19-01-2023,3169.9,Software License,South,995.4,315,131.77,1037.85,New Year Promo,2480.03,689.88
20-01-2023,3356.14,Consulting Service,East,714.7,315,138.77,1048.6,New Year Promo,2217.07,1139.07
21-01-2023,2906.64,Software License,East,742.4,315,144.47,680.12,New Year Promo,1881.99,1024.65
22-01-2023,2651.59,Consulting Service,South,590.64,315,143.42,841.76,New Year Promo,1890.82,760.77
23-01-2023,2947.21,Software License,South,898.78,315,141.21,950.79,New Year Promo,2305.79,641.42
24-01-2023,3229.94,Consulting Service,South,759.68,315,140.6,1080.09,New Year Promo,2295.37,934.57
25-01-2023,3283.32,Hardware Sale,North,809.16,315,150.34,896.06,New Year Promo,2170.57,1112.75
26-01-2023,1899.74,Hardware Sale,South,836.84,315,155.12,114.51,None,1421.47,478.27
27-01-2023,1914.31,Hardware Sale,South,864.27,315,148.56,109.01,None,1436.84,477.46
28-01-2023,1801.99,Hardware Sale,North,744.56,315,150.25,116.71,None,1326.53,475.46
29-01-2023,1907.37,Hardware Sale,South,826.92,315,140.09,115.11,None,1397.13,510.24
30-01-2023,1830.29,Hardware Sale,East,793.23,315,126.96,102.43,None,1337.62,492.67
31-01-2023,1973.22,Hardware Sale,North,782.88,315,160.5,117.46,None,1375.84,597.38
01-02-2023,2031.13,Consulting Service,South,775.52,315,148.35,124.66,None,1363.53,667.6
02-02-2023,2000.99,Hardware Sale,West,930.71,315,160.38,115.87,None,1521.96,479.03
03-02-2023,2022.45,Hardware Sale,West,844.42,315,150.55,120.92,None,1430.9,591.56
04-02-2023,1784.36,Software License,North,751.3,315,140.18,113.49,None,1319.98,464.38
05-02-2023,1781.87,Software License,South,668.22,315,150.17,116.6,None,1249.98,531.89
06-02-2023,2161.32,Hardware Sale,North,801.89,315,151.34,119.97,None,1388.2,773.12
07-02-2023,2196.18,Hardware Sale,North,906.13,315,149.12,117.02,None,1487.27,708.91
08-02-2023,1955.3,Consulting Service,West,743.33,315,141.35,122.35,None,1322.03,633.27
09-02-2023,2042.84,Software License,South,805.08,315,165.32,106.44,None,1391.85,650.99
10-02-2023,1905.69,Hardware Sale,South,773.44,315,155.3,112.33,None,1356.06,549.63
11-02-2023,1886.41,Consulting Service,North,669.01,315,158.24,116.24,None,1258.49,627.92
12-02-2023,1932.42,Software License,North,788.45,315,140.39,123.81,None,1367.64,564.78
13-02-2023,2035.65,Consulting Service,South,735.51,315,168.05,119.63,None,1338.19,697.46
14-02-2023,2101.75,Software License,South,895.62,315,131.2,117.81,None,1459.63,642.11
15-02-2023,2200.34,Software License,North,945.13,315,155.54,105.28,None,1520.95,679.39
16-02-2023,2104.32,Consulting Service,South,817.75,315,145.64,118.86,None,1397.25,707.07
17-02-2023,1936.67,Consulting Service,East,708.97,315,150.34,105.62,None,1279.93,656.73
18-02-2023,2033.69,Consulting Service,East,792.56,315,142.8,112.84,None,1363.21,670.48
19-02-2023,1911.98,Software License,East,755.14,315,167.52,112.99,None,1350.65,561.33
20-02-2023,2224.56,Consulting Service,East,954.13,315,156.48,115.84,None,1541.45,683.11
21-02-2023,2093.28,Hardware Sale,East,824.4,315,134.77,116.08,None,1390.25,703.04
22-02-2023,2276.93,Software License,West,886.03,315,141.33,115.83,None,1458.2,818.74
23-02-2023,2224.15,Hardware Sale,North,912.09,315,157.19,101.04,None,1485.33,738.82
24-02-2023,2174.56,Consulting Service,East,860.09,315,151.96,112.02,None,1439.07,735.49
25-02-2023,2013.99,Software License,West,840.44,315,149.61,104.73,None,1409.78,604.21
26-02-2023,1750.79,Consulting Service,South,677.83,315,156.67,114.55,None,1264.06,486.73
27-02-2023,2119.01,Software License,South,904.17,315,149.63,113.89,None,1482.7,636.31
28-02-2023,2323.03,Hardware Sale,North,917.81,315,154.7,109.48,None,1497,826.04
01-03-2023,2317.51,Software License,East,951.49,315,159.8,102.42,None,1528.71,788.79
02-03-2023,2281.67,Consulting Service,West,798.39,315,154.86,109.7,None,1377.95,903.72
03-03-2023,2143.69,Consulting Service,East,904.19,315,153.66,104.81,None,1477.66,666.03
04-03-2023,1998.09,Hardware Sale,North,794.54,315,137.72,110.55,None,1357.81,640.29
05-03-2023,1820.71,Consulting Service,South,651.64,315,153.85,106.31,None,1226.8,593.91
06-03-2023,2103.08,Software License,South,798.9,315,139.9,122.84,None,1376.64,726.44
07-03-2023,2307.55,Software License,South,967,315,151.21,104.06,None,1537.27,770.28
08-03-2023,2399.44,Hardware Sale,North,977.54,315,156.65,109.92,None,1559.11,840.33
09-03-2023,2234.09,Hardware Sale,West,782.01,315,151.2,104.17,None,1352.38,881.71
10-03-2023,2101.51,Software License,North,829.39,315,166.84,121.91,None,1433.14,668.37
11-03-2023,1923.1,Consulting Service,South,830.27,315,156.66,101.17,None,1403.1,520
12-03-2023,1939.97,Software License,North,781.25,315,151.62,117.62,None,1365.48,574.48
13-03-2023,2238.54,Software License,West,976.96,315,142.1,111.27,None,1545.33,693.21
14-03-2023,2394.06,Hardware Sale,East,887.3,315,136.9,104.19,None,1443.39,950.67
15-03-2023,2315.71,Consulting Service,South,912.14,315,148.99,122.11,None,1498.23,817.48
16-03-2023,2156.51,Software License,South,891.85,315,161.92,111.35,None,1480.12,676.39
17-03-2023,2061.56,Hardware Sale,West,776.5,315,157.48,101.66,None,1350.64,710.92
18-03-2023,2079.75,Consulting Service,South,830.16,315,135.15,104.15,None,1384.46,695.29
19-03-2023,2224.61,Software License,South,867.9,315,147.04,121.25,None,1451.18,773.43
20-03-2023,2249.36,Consulting Service,North,911.38,315,147.85,112.5,None,1486.72,762.64
21-03-2023,2178.42,Hardware Sale,West,845.73,315,145.71,101.66,None,1408.1,770.32
22-03-2023,2319.27,Software License,East,875.13,315,149.08,113.84,None,1453.06,866.21
23-03-2023,2184.72,Consulting Service,North,908.01,315,149.94,112.58,None,1485.52,699.2
24-03-2023,2124.36,Software License,South,883.18,315,164.9,113.73,None,1476.82,647.54
25-03-2023,2155.06,Consulting Service,East,770.12,315,132.53,104.44,None,1322.1,832.96
26-03-2023,2193.66,Hardware Sale,North,877.25,315,171.54,120.92,None,1484.72,708.94
27-03-2023,2262.68,Consulting Service,South,866.28,315,148.75,107.3,None,1437.33,825.35
28-03-2023,2241.44,Software License,South,863.49,315,150.39,113.61,None,1442.49,798.95
29-03-2023,2378.93,Hardware Sale,East,945.26,315,143.86,106.96,None,1511.07,867.85
30-03-2023,2388.79,Software License,East,843.62,315,146.54,119.83,None,1424.99,963.8
31-03-2023,2054.84,Consulting Service,West,875.25,315,126.26,116.76,None,1433.27,621.58
01-04-2023,2076.42,Hardware Sale,East,808.42,315,151.64,112.36,None,1387.42,689
02-04-2023,1995.8,Hardware Sale,West,812.86,315,154.56,107.53,None,1389.95,605.85
03-04-2023,2091.38,Hardware Sale,East,860.86,315,168.85,118.62,None,1463.32,628.06
04-04-2023,2320.83,Software License,South,899.79,315,146.9,114.46,None,1476.15,844.68
05-04-2023,2402.32,Hardware Sale,South,1006.07,315,142.95,121.86,None,1585.89,816.43
06-04-2023,2124.63,Software License,West,824.35,315,168.94,117.91,None,1426.2,698.43
07-04-2023,2220.9,Hardware Sale,North,835.85,315,147.39,114.04,None,1412.28,808.62
08-04-2023,2279.83,Consulting Service,West,877.1,315,141.23,115.93,None,1449.26,830.57
09-04-2023,2184.52,Hardware Sale,South,940.71,315,154.58,101.48,None,1511.78,672.74
10-04-2023,2224.78,Software License,North,904.4,315,155.92,108.29,None,1483.61,741.17
11-04-2023,2409.17,Hardware Sale,East,912.17,315,141.32,117.13,None,1485.62,923.55
12-04-2023,2366.53,Software License,East,871,315,141.08,109.81,None,1436.89,929.64
13-04-2023,2322.26,Hardware Sale,West,879.27,315,172.13,119.24,None,1485.65,836.62
14-04-2023,2112.56,Software License,South,833.78,315,131.43,105.34,None,1385.55,727.01
15-04-2023,1795.34,Consulting Service,North,795.11,315,134.18,123.78,None,1368.07,427.27
16-04-2023,2024.73,Hardware Sale,East,851.04,315,150.07,123.32,None,1439.43,585.3
17-04-2023,2136.7,Software License,West,818.05,315,152.49,115.11,None,1400.65,736.04
18-04-2023,2550.11,Consulting Service,East,1001.57,315,149.02,110.97,None,1576.56,973.55
19-04-2023,2330.22,Software License,West,881.31,315,153.59,107.22,None,1457.12,873.1
20-04-2023,2317.75,Software License,West,915.91,315,149.58,100.03,None,1480.52,837.23
21-04-2023,2160.99,Consulting Service,East,835.52,315,150.4,117.14,None,1418.05,742.94
22-04-2023,1988.13,Hardware Sale,West,766.81,315,150.9,102.76,None,1335.47,652.66
23-04-2023,2302.15,Consulting Service,East,877.79,315,128.69,103.64,None,1425.11,877.04
24-04-2023,2205.44,Consulting Service,East,868.73,315,149.63,100.84,None,1434.2,771.23
25-04-2023,2410.13,Consulting Service,North,974.64,315,172.9,109.83,None,1572.37,837.77
26-04-2023,2355.82,Software License,North,1059.97,315,144.03,120.52,None,1639.53,716.29
27-04-2023,2217.93,Software License,South,878.97,315,132.79,104.8,None,1431.56,786.37
28-04-2023,2097.69,Consulting Service,East,988.77,315,152.02,108.4,None,1564.2,533.5
29-04-2023,2040.13,Software License,South,799.46,315,144.21,119.29,None,1377.96,662.18
30-04-2023,1963.55,Consulting Service,South,802.48,315,135.72,105.66,None,1358.86,604.69
01-05-2023,2168.33,Software License,South,819,315,153.03,105.67,None,1392.7,775.63
02-05-2023,2330.91,Hardware Sale,East,972.25,315,150.72,104.17,None,1542.13,788.78
03-05-2023,2162.27,Hardware Sale,West,879.04,315,149.74,121.94,None,1465.72,696.55
04-05-2023,2361.74,Software License,East,885.2,315,150.43,118.35,None,1468.99,892.75
05-05-2023,2192.51,Software License,South,826.52,315,141.72,103.53,None,1386.77,805.74
06-05-2023,1908.82,Hardware Sale,East,796.76,315,165.95,113.76,None,1391.46,517.36
07-05-2023,2063.65,Consulting Service,North,814.55,315,132.23,111.76,None,1373.55,690.11
08-05-2023,2278.36,Consulting Service,East,885.53,315,140.27,115.55,None,1456.35,822.02
09-05-2023,2150.92,Consulting Service,East,982.69,315,146.07,105.64,None,1549.39,601.53
10-05-2023,2143.9,Hardware Sale,North,798.2,315,136.26,112.31,None,1361.77,782.13
11-05-2023,2113.82,Consulting Service,North,823.29,315,156.13,104.77,None,1399.19,714.63
12-05-2023,2066.65,Software License,West,808.57,315,156.76,106.61,None,1386.94,679.71
13-05-2023,1995.56,Software License,South,817.18,315,142.25,111.38,None,1385.82,609.74
14-05-2023,2030.97,Software License,North,878.7,315,153.76,119.54,None,1467,563.97
15-05-2023,2296.02,Consulting Service,South,1017.89,315,164.72,123.95,None,1621.56,674.46
16-05-2023,2385.17,Consulting Service,South,994.35,315,157.04,113.06,None,1579.45,805.72
17-05-2023,2310.68,Hardware Sale,East,960.68,315,144.97,103.39,None,1524.03,786.65
18-05-2023,2226.19,Hardware Sale,East,888.89,315,161.22,100.8,None,1465.9,760.29
19-05-2023,2110.48,Software License,West,782.2,315,153.14,118.68,None,1369.03,741.45
20-05-2023,2119.58,Consulting Service,South,858.89,315,128.36,121.53,None,1423.77,695.8
21-05-2023,2091.97,Software License,South,882.56,315,153.55,109.75,None,1460.86,631.11
22-05-2023,2030.09,Software License,West,861.16,315,145.88,112.15,None,1434.2,595.89
23-05-2023,2445.96,Consulting Service,West,971.37,315,167.13,104.27,None,1557.77,888.18
24-05-2023,2368.19,Software License,West,978.33,315,171.06,114.1,None,1578.49,789.7
25-05-2023,2097.06,Software License,West,900.38,315,154.13,106.21,None,1475.72,621.34
26-05-2023,2082.58,Software License,East,800.29,315,149.21,118.53,None,1383.03,699.55
27-05-2023,2069.08,Software License,West,841.74,315,155.98,103.21,None,1415.92,653.16
28-05-2023,2163.01,Hardware Sale,East,895.48,315,133.68,112.86,None,1457.02,705.98
29-05-2023,2023.77,Consulting Service,East,905.15,315,145.54,115.68,None,1481.38,542.39
30-05-2023,2470.02,Software License,West,934.12,315,139.66,106.5,None,1495.27,974.74
31-05-2023,2104.95,Hardware Sale,West,769.22,315,151.42,122.67,None,1358.3,746.65
01-06-2023,2307.11,Hardware Sale,East,866.53,315,143.6,124.49,None,1449.61,857.5
02-06-2023,1958.01,Consulting Service,North,736.9,315,158.1,118.64,None,1328.64,629.36
03-06-2023,1944.07,Hardware Sale,South,747.78,315,132.38,120.44,None,1315.6,628.48
04-06-2023,1968.23,Consulting Service,West,800.72,315,156.2,101.12,None,1373.04,595.19
05-06-2023,2349.01,Software License,North,968.61,315,187.73,118.9,None,1590.24,758.77
06-06-2023,2146.7,Hardware Sale,North,796.38,315,179.24,121.17,None,1411.79,734.9
07-06-2023,2368.1,Consulting Service,South,918.76,315,152.15,119.13,None,1505.04,863.05
08-06-2023,2141.97,Software License,East,858.43,315,143.19,110.61,None,1427.23,714.74
09-06-2023,1947.41,Software License,West,813.52,315,135.91,103.34,None,1367.76,579.65
10-06-2023,1993.3,Software License,East,869.03,315,155.87,116.05,None,1455.94,537.35
11-06-2023,1857.59,Consulting Service,North,732.71,315,136.54,116.64,None,1300.89,556.7
12-06-2023,1922.31,Consulting Service,East,771.62,315,133.53,108.16,None,1328.31,593.99
13-06-2023,2392.94,Software License,East,934.18,315,152.8,106.23,None,1508.21,884.73
14-06-2023,1979.86,Consulting Service,East,731.86,315,151.13,111.63,None,1309.63,670.23
15-06-2023,3485.34,Software License,South,842.47,315,168.13,1033.57,Summer Sale,2359.16,1126.18
16-06-2023,3229.63,Hardware Sale,West,799.09,315,158.33,736.46,Summer Sale,2008.89,1220.75
17-06-2023,2827.83,Hardware Sale,South,745.06,315,156.68,915.47,Summer Sale,2132.21,695.62
18-06-2023,2908.49,Software License,North,641.74,315,133.47,737.54,Summer Sale,1827.75,1080.74
19-06-2023,3440.74,Consulting Service,East,823.93,315,147.24,719.73,Summer Sale,2005.89,1434.85
20-06-2023,3279.46,Hardware Sale,West,846.06,315,142.47,744.49,Summer Sale,2048.01,1231.44
21-06-2023,3586.4,Hardware Sale,West,892.23,315,141.99,1089.84,Summer Sale,2439.07,1147.33
22-06-2023,3504.19,Software License,South,823.47,315,143.92,657.8,Summer Sale,1940.19,1564
23-06-2023,2748.61,Consulting Service,West,723.38,315,172.14,952.18,Summer Sale,2162.7,585.91
24-06-2023,2496.31,Hardware Sale,North,641.26,315,163.66,749.76,Summer Sale,1869.68,626.63
25-06-2023,3222.92,Software License,North,784.32,315,152.9,1063.78,Summer Sale,2316,906.93
26-06-2023,2929.48,Hardware Sale,West,773.75,315,161.3,734.99,Summer Sale,1985.04,944.44
27-06-2023,3305.74,Software License,West,909.42,315,136.41,812.52,Summer Sale,2173.35,1132.39
28-06-2023,3208.88,Hardware Sale,South,990.45,315,156.59,933.98,Summer Sale,2396.01,812.87
29-06-2023,3465.79,Software License,East,777.97,315,136.81,736.29,Summer Sale,1966.08,1499.72
30-06-2023,2574.27,Consulting Service,East,715.63,315,153.5,1030.14,Summer Sale,2214.28,359.99
01-07-2023,3269.75,Software License,South,728.5,315,134.89,662.83,Summer Sale,1841.23,1428.53
02-07-2023,2571.61,Hardware Sale,North,809.23,315,154.22,921.2,Summer Sale,2199.66,371.95
03-07-2023,2984.49,Consulting Service,South,743.63,315,133.75,776.69,Summer Sale,1969.07,1015.42
04-07-2023,3538.77,Consulting Service,South,886.94,315,146.81,822.06,Summer Sale,2170.82,1367.96
05-07-2023,3176.29,Hardware Sale,South,757.15,315,145.92,969.15,Summer Sale,2187.23,989.07
06-07-2023,3035.67,Consulting Service,East,788.24,315,152.72,737.21,Summer Sale,1993.16,1042.51
07-07-2023,3042.52,Consulting Service,West,678.28,315,157.68,1077.86,Summer Sale,2228.82,813.7
08-07-2023,3060.04,Consulting Service,East,730.43,315,144.98,1081.4,Summer Sale,2271.8,788.24
09-07-2023,2662.06,Software License,North,633.28,315,160.18,614.97,Summer Sale,1723.43,938.63
10-07-2023,2958.6,Software License,North,762.26,315,155.07,959.49,Summer Sale,2191.82,766.78
11-07-2023,3360.81,Software License,West,854.85,315,152.42,908.53,Summer Sale,2230.79,1130.02
12-07-2023,3034.86,Hardware Sale,South,745.64,315,150.55,1022.7,Summer Sale,2233.89,800.97
13-07-2023,3012.93,Consulting Service,South,766.77,315,143.94,623.66,Summer Sale,1849.36,1163.56
14-07-2023,3254.96,Software License,East,745.48,315,157.35,724.8,Summer Sale,1942.63,1312.34
15-07-2023,2684.43,Hardware Sale,South,724.05,315,145.85,631.49,Summer Sale,1816.38,868.05
16-07-2023,1731.37,Hardware Sale,West,738.26,315,162.85,116.44,None,1332.54,398.82
17-07-2023,1792.51,Software License,South,607.2,315,148.63,104.53,None,1175.35,617.16
18-07-2023,1975.1,Hardware Sale,North,804.15,315,143.72,122.16,None,1385.04,590.07
19-07-2023,1963.39,Consulting Service,South,812.82,315,150.94,119.71,None,1398.47,564.92
20-07-2023,1950.24,Software License,North,801.22,315,158.4,100.44,None,1375.06,575.19
21-07-2023,1693.78,Consulting Service,West,703.01,315,139.04,111.67,None,1268.72,425.06
22-07-2023,1654.64,Consulting Service,West,669.69,315,161.78,116.2,None,1262.67,391.97
23-07-2023,1655.67,Software License,East,629.2,315,148.55,108.85,None,1201.6,454.07
24-07-2023,1620.11,Software License,South,655.68,315,150.14,113.2,None,1234.01,386.1
25-07-2023,1716.08,Consulting Service,West,730.35,315,149.91,114,None,1309.27,406.81
26-07-2023,2090.5,Consulting Service,South,827.71,315,151.67,104.38,None,1398.76,691.74
27-07-2023,1768.28,Hardware Sale,West,600.61,315,145.6,103.61,None,1164.83,603.46
28-07-2023,1670.26,Hardware Sale,North,733.92,315,166.43,106.69,None,1322.04,348.23
29-07-2023,1558.59,Consulting Service,South,700.05,315,159.2,113.3,None,1287.56,271.04
30-07-2023,1775.13,Software License,North,729.16,315,147.76,110.83,None,1302.76,472.37
31-07-2023,1493.03,Hardware Sale,North,631.9,315,159.76,111.1,None,1217.77,275.26
01-08-2023,1997.99,Hardware Sale,West,778.17,315,162.04,106.01,None,1361.22,636.77
02-08-2023,1919.06,Consulting Service,South,770.43,315,155.24,108.08,None,1348.76,570.3
03-08-2023,1837.27,Software License,North,697.41,315,163.63,122.05,None,1298.09,539.18
04-08-2023,1841.68,Hardware Sale,West,794.89,315,145.92,106.92,None,1362.72,478.95
05-08-2023,1574.52,Hardware Sale,East,678.69,315,128.96,106.48,None,1229.13,345.4
06-08-2023,1517.29,Hardware Sale,North,683.86,315,147.07,103.28,None,1249.21,268.09
07-08-2023,1824.81,Consulting Service,East,793.37,315,159.95,109.67,None,1377.99,446.81
08-08-2023,1962.92,Consulting Service,North,777.61,315,165.01,106.32,None,1363.94,598.97
09-08-2023,1787.47,Consulting Service,West,736.86,315,149.88,118.18,None,1319.91,467.56
10-08-2023,1870.98,Consulting Service,North,696.99,315,157.55,100.92,None,1270.45,600.53
11-08-2023,1465.7,Software License,East,603.14,315,157.94,101.2,None,1177.28,288.43
12-08-2023,1250.06,Hardware Sale,South,448.78,315,139.4,119.61,None,1022.79,227.27
13-08-2023,1707.72,Software License,South,616.72,315,152.9,103.86,None,1188.49,519.24
14-08-2023,1634.15,Software License,South,586.43,315,145.85,107.25,None,1154.53,479.63
15-08-2023,1822.54,Software License,West,731,315,148.61,113.15,None,1307.77,514.78
16-08-2023,1787.8,Software License,North,688.66,315,144.77,119.61,None,1268.03,519.77
17-08-2023,1756.11,Hardware Sale,East,636.33,315,137.78,109.7,None,1198.81,557.3
18-08-2023,1607.41,Hardware Sale,East,567.26,315,148.58,113.66,None,1144.5,462.91
19-08-2023,1401.58,Software License,North,615.88,315,141.69,109.52,None,1182.09,219.49
20-08-2023,1705.69,Software License,West,634.41,315,153.03,100.05,None,1202.49,503.2
21-08-2023,1585.45,Hardware Sale,West,654.17,315,126.99,108.33,None,1204.5,380.96
22-08-2023,1573.21,Consulting Service,North,570.79,315,146.82,115.05,None,1147.66,425.55
23-08-2023,1942.75,Hardware Sale,North,788.54,315,155.31,122.78,None,1381.63,561.12
24-08-2023,1773.61,Hardware Sale,East,651.11,315,152.5,107.89,None,1226.5,547.11
25-08-2023,1770.56,Hardware Sale,East,721.14,315,149.89,109.14,None,1295.17,475.39
26-08-2023,1580.41,Software License,West,638.51,315,142.1,116.22,None,1211.84,368.57
27-08-2023,1410.56,Consulting Service,North,562.89,315,137.33,107.58,None,1122.8,287.76
28-08-2023,1687.78,Software License,East,691.29,315,157.09,121,None,1284.38,403.4
29-08-2023,1824.04,Consulting Service,West,711.94,315,148.15,114.54,None,1289.63,534.41
30-08-2023,1919.44,Consulting Service,West,674,315,156.1,104.4,None,1249.49,669.95
31-08-2023,1607.01,Software License,West,632.12,315,159.32,118.03,None,1224.47,382.54
01-09-2023,1540.32,Software License,East,596.49,315,140.65,116.5,None,1168.63,371.68
02-09-2023,1509.93,Hardware Sale,West,540.05,315,174.46,119.91,None,1149.41,360.52
03-09-2023,1571.77,Hardware Sale,East,518.06,315,145.03,102.37,None,1080.47,491.3
04-09-2023,1614.32,Consulting Service,West,691.21,315,155.77,123.34,None,1285.32,329
05-09-2023,1647.4,Software License,West,717.33,315,142.92,110.52,None,1285.78,361.62
06-09-2023,1747.06,Software License,West,727.3,315,155.85,117.45,None,1315.6,431.46
07-09-2023,1868.43,Hardware Sale,East,805.87,315,158.74,117.06,None,1396.67,471.76
08-09-2023,1561.65,Consulting Service,North,661.69,315,151.73,102.19,None,1230.62,331.03
09-09-2023,1314.95,Consulting Service,North,498.38,315,148.37,103.48,None,1065.23,249.72
10-09-2023,1364.49,Hardware Sale,North,500.54,315,152.67,115.11,None,1083.32,281.17
11-09-2023,1640.4,Software License,East,679.75,315,138.57,112.93,None,1246.25,394.15
12-09-2023,1592.34,Consulting Service,North,514.46,315,140.29,105.21,None,1074.96,517.38
13-09-2023,1716.87,Hardware Sale,West,688.06,315,149.09,116.19,None,1268.33,448.54
14-09-2023,1672.29,Software License,North,654.1,315,173.68,122.62,None,1265.4,406.88
15-09-2023,1487.82,Hardware Sale,East,566.59,315,139.43,115.96,None,1136.97,350.85
16-09-2023,1377.29,Hardware Sale,North,467.69,315,155.54,112.92,None,1051.15,326.13
17-09-2023,1529.67,Hardware Sale,North,553.75,315,146.04,111.12,None,1125.9,403.77
18-09-2023,1645.05,Software License,East,667.12,315,136.88,108.42,None,1227.43,417.62
19-09-2023,1854.04,Software License,East,788.33,315,157.62,108.32,None,1369.27,484.77
20-09-2023,1664.22,Hardware Sale,South,672.5,315,145.84,101.28,None,1234.63,429.6
21-09-2023,1582.39,Software License,South,638.36,315,148.39,116.37,None,1218.12,364.27
22-09-2023,1220.27,Software License,North,481.78,315,133.13,113.77,None,1043.68,176.59
23-09-2023,1606.51,Consulting Service,South,617.94,315,163.53,111,None,1207.47,399.03
24-09-2023,1445.77,Software License,South,644.68,315,129.95,108.01,None,1197.64,248.13
25-09-2023,1541.51,Consulting Service,South,646.32,315,157.91,115.59,None,1234.83,306.68
26-09-2023,1624.69,Software License,North,712.2,315,152.15,102.82,None,1282.17,342.52
27-09-2023,1589.4,Software License,East,594.62,315,148.27,123.14,None,1181.03,408.38
28-09-2023,1511.28,Hardware Sale,South,567.95,315,145.48,108.06,None,1136.49,374.79
29-09-2023,1433.79,Software License,North,472.45,315,148.27,100.67,None,1036.4,397.39
30-09-2023,1261.2,Hardware Sale,East,464.01,315,153.31,111.8,None,1044.12,217.08
01-10-2023,1366.89,Consulting Service,North,493.17,315,144.12,119.01,None,1071.31,295.59
02-10-2023,1561.59,Consulting Service,South,623.12,315,150.06,118.53,None,1206.71,354.88
03-10-2023,1728.77,Consulting Service,West,702.85,315,148.59,115.56,None,1282.01,446.76
04-10-2023,1783.65,Software License,North,780.18,315,135.06,119.8,None,1350.04,433.61
05-10-2023,1650.1,Software License,East,671.34,315,134.25,106.39,None,1226.99,423.11
06-10-2023,1608.71,Software License,North,593.33,315,150.38,114.37,None,1173.08,435.63
07-10-2023,1348.05,Hardware Sale,South,481.79,315,145.29,116.36,None,1058.44,289.61
08-10-2023,1501.8,Hardware Sale,South,606.33,315,147.45,103.55,None,1172.32,329.48
09-10-2023,1453.8,Consulting Service,West,578.39,315,135.6,119.1,None,1148.09,305.71
10-10-2023,1723.96,Consulting Service,North,732.23,315,146.65,105.52,None,1299.4,424.57
11-10-2023,1671.84,Software License,East,676.62,315,140.84,108.63,None,1241.09,430.75
12-10-2023,1559.06,Consulting Service,South,560.83,315,146.35,101.32,None,1123.5,435.56
13-10-2023,1620.76,Software License,West,705.66,315,133.08,121.55,None,1275.29,345.47
14-10-2023,1357.84,Consulting Service,East,614.4,315,153.84,103.14,None,1186.37,171.47
15-10-2023,1407.05,Consulting Service,South,557.79,315,128.11,106.16,None,1107.05,300
16-10-2023,1825.55,Hardware Sale,West,741.19,315,148.09,111.56,None,1315.84,509.71
17-10-2023,1573.07,Consulting Service,South,601.36,315,150.18,120.53,None,1187.07,386.01
18-10-2023,1634.75,Hardware Sale,East,607.31,315,155.65,119.31,None,1197.27,437.48
19-10-2023,1786.36,Consulting Service,West,753.34,315,163.91,111.67,None,1343.92,442.43
20-10-2023,1445.99,Hardware Sale,North,607.81,315,153.01,116.29,None,1192.11,253.89
21-10-2023,1541.92,Consulting Service,West,738.21,315,165.71,122.93,None,1341.85,200.07
22-10-2023,1373.11,Consulting Service,North,507.75,315,156.15,109.24,None,1088.14,284.97
23-10-2023,1648.41,Hardware Sale,West,603.41,315,145.71,115.05,None,1179.17,469.24
24-10-2023,1830,Software License,South,695.71,315,131.87,108.68,None,1251.26,578.74
25-10-2023,1929.19,Hardware Sale,North,727.09,315,156.93,119.3,None,1318.33,610.86
26-10-2023,1604.13,Hardware Sale,North,651.33,315,146.56,108.45,None,1221.34,382.79
27-10-2023,1487.43,Software License,North,608.85,315,160.43,111.37,None,1195.66,291.77
28-10-2023,1415.69,Software License,East,559.07,315,162.16,100.67,None,1136.91,278.78
29-10-2023,1521.55,Software License,East,608.18,315,155.43,113.81,None,1192.42,329.13
30-10-2023,1724.23,Software License,West,729.2,315,138.58,114.09,None,1296.87,427.36
31-10-2023,1823.39,Software License,West,722.08,315,152.46,115.77,None,1305.32,518.07
01-11-2023,3288.94,Software License,East,759.09,315,164.94,1051.24,Black Friday Prep,2290.26,998.68
02-11-2023,2810.15,Software License,West,634.7,315,122.97,672.97,Black Friday Prep,1745.63,1064.52
03-11-2023,2516.71,Hardware Sale,North,586.99,315,140.98,1014.76,Black Friday Prep,2057.74,458.97
04-11-2023,2721.9,Hardware Sale,South,540.72,315,140.68,784.52,Black Friday Prep,1780.92,940.98
05-11-2023,2497.57,Hardware Sale,East,608.76,315,167.66,796.2,Black Friday Prep,1887.63,609.93
06-11-2023,2316.95,Hardware Sale,West,575.92,315,160.03,668.07,Black Friday Prep,1719.03,597.92
07-11-2023,3248.15,Software License,North,850.9,315,147.71,755.13,Black Friday Prep,2068.75,1179.4
08-11-2023,3107,Hardware Sale,East,646.62,315,154.23,624.16,Black Friday Prep,1740.02,1366.99
09-11-2023,3051.56,Hardware Sale,West,583.08,315,153.76,877.78,Black Friday Prep,1929.62,1121.95
10-11-2023,3247.49,Software License,East,714.55,315,155.96,773.1,Black Friday Prep,1958.61,1288.88
11-11-2023,3120.17,Hardware Sale,North,695.24,315,145.87,685.94,Black Friday Prep,1842.06,1278.11
12-11-2023,2830.47,Software License,East,614.6,315,152.88,791.2,Black Friday Prep,1873.69,956.78
13-11-2023,2711.44,Software License,North,706.76,315,150.4,1111.39,Black Friday Prep,2283.54,427.9
14-11-2023,2934.94,Consulting Service,North,676.53,315,137.87,655.31,Black Friday Prep,1784.72,1150.22
15-11-2023,2839.98,Hardware Sale,East,604.53,315,150.8,730.97,Black Friday Prep,1801.3,1038.68
16-11-2023,3215.2,Consulting Service,South,612.74,315,140.7,672.04,Black Friday Prep,1740.48,1474.72
17-11-2023,2798.04,Software License,West,793.17,315,155.07,693.13,Black Friday Prep,1956.37,841.67
18-11-2023,2529.55,Software License,South,719.04,315,155.69,797.83,Black Friday Prep,1987.56,541.99
19-11-2023,3079.33,Hardware Sale,West,634.77,315,159.31,753.71,Black Friday Prep,1862.79,1216.54
20-11-2023,2587.67,Consulting Service,South,653.96,315,131.38,872.08,Black Friday Prep,1972.42,615.25
21-11-2023,1812.94,Software License,East,727.29,315,148.18,113.45,None,1303.92,509.02
22-11-2023,1953.98,Software License,West,759.73,315,146.48,104.84,None,1326.04,627.94
23-11-2023,1783.39,Software License,West,732.8,315,144.63,106.71,None,1299.14,484.25
24-11-2023,1760.57,Hardware Sale,South,719.68,315,155.54,112.22,None,1302.44,458.13
25-11-2023,1411.74,Hardware Sale,West,614.97,315,135.12,118.39,None,1183.49,228.25
26-11-2023,1837.42,Hardware Sale,South,730.47,315,162.44,103.26,None,1311.16,526.26
27-11-2023,1659.42,Consulting Service,North,661.04,315,132.99,124.17,None,1233.2,426.22
28-11-2023,1764.48,Software License,South,770.32,315,150.2,114.73,None,1350.24,414.23
29-11-2023,1845.51,Consulting Service,East,789.75,315,152.63,104.72,None,1362.1,483.41
30-11-2023,2042.11,Hardware Sale,South,786.43,315,140.4,115.4,None,1357.23,684.88
01-12-2023,1634.84,Consulting Service,East,585.41,315,145.62,122.24,None,1168.27,466.57
02-12-2023,1739.07,Hardware Sale,South,597.29,315,159.55,113.21,None,1185.05,554.02
03-12-2023,1700.99,Software License,West,687.26,315,166.81,108.39,None,1277.46,423.53
04-12-2023,2051.7,Consulting Service,West,859.08,315,136.35,121.26,None,1431.68,620.02
05-12-2023,2010.78,Hardware Sale,East,724.94,315,151.21,109.11,None,1300.25,710.53
06-12-2023,2022.79,Software License,South,801.31,315,144.11,102.17,None,1362.59,660.2
07-12-2023,2122.07,Hardware Sale,East,842.51,315,142.15,117.87,None,1417.53,704.54
08-12-2023,1740.7,Software License,West,633.31,315,166.92,105.54,None,1220.77,519.94
09-12-2023,1679.29,Consulting Service,East,616.3,315,131.07,101.2,None,1163.57,515.71
10-12-2023,1669.23,Consulting Service,East,670.53,315,151.2,123.05,None,1259.78,409.45
11-12-2023,1700.9,Hardware Sale,East,695.36,315,142.05,110.47,None,1262.88,438.02
12-12-2023,1914.57,Hardware Sale,East,755.82,315,137.46,122.84,None,1331.12,583.45
13-12-2023,2081.65,Software License,South,853.63,315,153.41,107.48,None,1429.52,652.13
14-12-2023,2026.07,Consulting Service,South,811.77,315,141.69,121.34,None,1389.8,636.27
15-12-2023,1909.45,Consulting Service,South,729.74,315,163.29,119.49,None,1327.53,581.92
16-12-2023,1772.29,Hardware Sale,West,774.33,315,155.32,103.3,None,1347.94,424.35
17-12-2023,1893.44,Software License,North,781.62,315,156.04,123.92,None,1376.58,516.86
18-12-2023,2048.79,Consulting Service,East,852.43,315,142.7,107.57,None,1417.7,631.09
19-12-2023,1844.41,Hardware Sale,East,764.76,315,150.74,108.77,None,1339.27,505.14
20-12-2023,1991.78,Software License,South,751.57,315,142.1,122.24,None,1330.91,660.87
21-12-2023,2221.88,Software License,South,790.05,315,139.3,107.09,None,1351.44,870.44
22-12-2023,1939.52,Software License,South,785.32,315,125.91,102.13,None,1328.37,611.16
23-12-2023,1831.07,Hardware Sale,South,737.69,315,159.35,116.92,None,1328.96,502.1
24-12-2023,1934.62,Consulting Service,West,723.59,315,148.68,109.7,None,1296.97,637.65
25-12-2023,2014.65,Software License,South,792.85,315,163.03,119.02,None,1389.91,624.74
26-12-2023,2152.11,Hardware Sale,North,902.26,315,164.7,105.53,None,1487.48,664.63
27-12-2023,2120.71,Software License,West,822.21,315,136.94,103.32,None,1377.47,743.24
28-12-2023,1941.46,Consulting Service,South,847.49,315,150.81,103.23,None,1416.53,524.94
29-12-2023,1842.94,Software License,South,794.11,315,154.55,112.97,None,1376.63,466.31
30-12-2023,2018.08,Consulting Service,West,822.78,315,150.82,118.45,None,1407.05,611.03
31-12-2023,1920.67,Software License,North,670.65,315,157.32,121.39,None,1264.36,656.31
01-01-2024,1977.28,Software License,East,761.27,330.75,148.34,107.35,None,1347.72,629.56
02-01-2024,2251.64,Software License,East,940.05,330.75,143.55,120.24,None,1534.58,717.06
03-01-2024,2121.19,Consulting Service,West,744.51,330.75,144.88,120.44,None,1340.59,780.6
04-01-2024,2041.52,Consulting Service,West,830.77,330.75,158.4,103.38,None,1423.3,618.22
05-01-2024,2012.57,Consulting Service,South,784.27,330.75,173.52,105.77,None,1394.31,618.26
06-01-2024,1995.11,Software License,West,784.33,330.75,160.1,105.23,None,1380.4,614.7
07-01-2024,1942.54,Consulting Service,North,804.18,330.75,166.82,122.46,None,1424.2,518.33
08-01-2024,2130.62,Hardware Sale,North,778.55,330.75,154.03,100.13,None,1363.47,767.15
09-01-2024,2262.37,Consulting Service,West,880.06,330.75,151.76,101.55,None,1464.13,798.25
10-01-2024,2405.35,Software License,South,1010.64,330.75,149.36,123.45,None,1614.21,791.14
11-01-2024,2418.79,Hardware Sale,South,1003.24,330.75,147.92,121.16,None,1603.07,815.72
12-01-2024,2124.77,Hardware Sale,West,904.19,330.75,157.38,119.56,None,1511.89,612.88
13-01-2024,1983.65,Hardware Sale,East,717.32,330.75,151.47,104.82,None,1304.37,679.29
14-01-2024,1910.22,Hardware Sale,North,735.55,330.75,156.29,113.47,None,1336.07,574.15
15-01-2024,2093.26,Hardware Sale,West,810.75,330.75,151.46,106.2,None,1399.17,694.09
16-01-2024,2237.49,Hardware Sale,West,912.74,330.75,145.75,112.83,None,1502.06,735.43
17-01-2024,2304.58,Software License,South,903.9,330.75,157.56,110.09,None,1502.3,802.28
18-01-2024,2338.33,Software License,South,876.97,330.75,175.83,113.68,None,1497.23,841.1
19-01-2024,2117.21,Software License,East,875.12,330.75,156.72,124.68,None,1487.28,629.94
20-01-2024,1958.95,Software License,North,849.74,330.75,162.35,114.52,None,1457.36,501.59
21-01-2024,2061.8,Hardware Sale,South,731.2,330.75,132.78,104.9,None,1299.63,762.17
22-01-2024,2341.23,Consulting Service,North,955.68,330.75,150.08,111.4,None,1547.91,793.32
23-01-2024,2479.08,Consulting Service,West,970.8,330.75,133.69,100.87,None,1536.12,942.96
24-01-2024,2356.21,Software License,West,977.07,330.75,164.69,105.77,None,1578.28,777.93
25-01-2024,2130.54,Consulting Service,South,858.52,330.75,148.97,113.74,None,1451.99,678.55
26-01-2024,2215.63,Consulting Service,South,817.13,330.75,162.76,123.02,None,1433.66,781.97
27-01-2024,2092.96,Consulting Service,East,855.76,330.75,143.08,120.57,None,1450.16,642.8
28-01-2024,2028.68,Software License,South,726,330.75,149.37,110.35,None,1316.46,712.22
29-01-2024,2205.36,Software License,West,897.53,330.75,146.79,123.88,None,1498.95,706.41
30-01-2024,2363.27,Software License,West,976.63,330.75,149.42,102.01,None,1558.81,804.46
31-01-2024,2448.21,Software License,South,992.69,330.75,126.46,121.03,None,1570.93,877.28
01-02-2024,2483.97,Software License,West,989.27,330.75,129.55,119.59,None,1569.16,914.81
02-02-2024,2273.34,Consulting Service,East,904.22,330.75,147.04,106.45,None,1488.46,784.88
03-02-2024,2301.31,Consulting Service,East,990.49,330.75,150.09,108.49,None,1579.83,721.49
04-02-2024,2189.14,Consulting Service,South,806.12,330.75,153.08,121.17,None,1411.12,778.02
05-02-2024,2355.04,Software License,North,947.67,330.75,135.11,110.91,None,1524.44,830.6
06-02-2024,2514.84,Software License,South,931.45,330.75,158.73,106.29,None,1527.22,987.62
07-02-2024,2637.45,Consulting Service,West,1057.31,330.75,160.19,115.52,None,1663.77,973.68
08-02-2024,2540.69,Hardware Sale,West,1031.65,330.75,149.62,104.07,None,1616.09,924.6
09-02-2024,2288.76,Hardware Sale,North,866.29,330.75,164.7,109.58,None,1471.33,817.43
10-02-2024,2090.9,Hardware Sale,East,820.59,330.75,160.26,107.54,None,1419.13,671.76
11-02-2024,2155.57,Software License,East,822.1,330.75,143.03,111.68,None,1407.56,748
12-02-2024,2292.09,Software License,South,980.35,330.75,150.74,101.77,None,1563.61,728.48
13-02-2024,2410.65,Software License,North,1027.29,330.75,152.51,122.98,None,1633.53,777.12
14-02-2024,2426.91,Hardware Sale,West,1093.82,330.75,170.05,115.32,None,1709.95,716.96
15-02-2024,2473.23,Software License,South,1018.29,330.75,148.07,100.33,None,1597.44,875.78
16-02-2024,2238.49,Software License,East,904.07,330.75,162.79,101.88,None,1499.49,739
17-02-2024,2367.39,Software License,West,1037.69,330.75,157.76,109.18,None,1635.39,732
18-02-2024,2385.5,Software License,North,980.49,330.75,162.89,118.13,None,1592.26,793.25
19-02-2024,2316.49,Software License,West,935.06,330.75,138.73,100.91,None,1505.45,811.04
20-02-2024,2510.2,Hardware Sale,South,985.57,330.75,140.94,112.98,None,1570.24,939.96
21-02-2024,2406.14,Hardware Sale,South,977.17,330.75,133.17,109.25,None,1550.34,855.81
22-02-2024,2485.32,Consulting Service,South,941.6,330.75,159.27,112.05,None,1543.67,941.65
23-02-2024,2367.9,Consulting Service,East,836.59,330.75,156.76,102.03,None,1426.13,941.77
24-02-2024,2368.05,Consulting Service,North,968.64,330.75,146.25,112.65,None,1558.28,809.77
25-02-2024,2373.92,Consulting Service,East,978.34,330.75,140.25,114.95,None,1564.29,809.63
26-02-2024,2450.91,Hardware Sale,West,943.2,330.75,147.48,113.61,None,1535.03,915.88
27-02-2024,2711.96,Hardware Sale,North,1015.28,330.75,138.28,104.35,None,1588.66,1123.3
28-02-2024,2615.13,Consulting Service,South,964.47,330.75,138.5,116.84,None,1550.57,1064.56
29-02-2024,2465.43,Software License,North,1050.56,330.75,147.16,115.16,None,1643.63,821.81
01-03-2024,2391.16,Consulting Service,South,907.78,330.75,161.77,110.45,None,1510.75,880.41
02-03-2024,2361.53,Software License,West,1007.68,330.75,157.5,101.69,None,1597.62,763.92
03-03-2024,2197.42,Software License,West,838.11,330.75,136.64,119.55,None,1425.05,772.37
04-03-2024,2548.19,Software License,South,1020.69,330.75,143.33,116.63,None,1611.39,936.8
05-03-2024,2669.22,Software License,East,1222.84,330.75,149.94,111.82,None,1815.35,853.87
06-03-2024,2552.63,Hardware Sale,North,1044.41,330.75,154.11,118.2,None,1647.47,905.16
07-03-2024,2351.1,Consulting Service,West,988.34,330.75,137.85,113.51,None,1570.44,780.65
08-03-2024,2444.99,Consulting Service,South,1049.52,330.75,139.63,108.09,None,1627.99,817.01
09-03-2024,2219.16,Software License,North,983.8,330.75,162.71,100.53,None,1577.79,641.38
10-03-2024,2378.51,Software License,South,935.47,330.75,144.08,121.76,None,1532.06,846.46
11-03-2024,2637.22,Software License,South,1184.81,330.75,150.55,124.74,None,1790.85,846.37
12-03-2024,2480.9,Software License,South,887.48,330.75,159.27,120.96,None,1498.46,982.44
13-03-2024,2426.22,Hardware Sale,East,959.73,330.75,154.55,102.76,None,1547.78,878.44
14-03-2024,2435.36,Hardware Sale,South,928.05,330.75,153.29,110.96,None,1523.05,912.31
15-03-2024,2330.41,Hardware Sale,West,891.7,330.75,133.05,101.56,None,1457.07,873.34
16-03-2024,2470.44,Hardware Sale,North,1006.29,330.75,141.28,124.03,None,1602.35,868.09
17-03-2024,2327.5,Software License,South,945.98,330.75,135.69,113.41,None,1525.83,801.66
18-03-2024,2426.74,Software License,East,967.01,330.75,146.12,109.23,None,1553.12,873.63
19-03-2024,2617.16,Software License,North,943.4,330.75,133.41,112.7,None,1520.26,1096.9
20-03-2024,2862,Software License,West,1067.64,330.75,157.54,111.12,None,1667.05,1194.96
21-03-2024,2509.51,Consulting Service,West,1105.35,330.75,132.94,118.08,None,1687.11,822.39
22-03-2024,2469.17,Software License,West,1078.35,330.75,159.81,101.13,None,1670.04,799.13
23-03-2024,2393.07,Hardware Sale,East,981.6,330.75,154.54,119.66,None,1586.55,806.52
24-03-2024,2341.99,Software License,East,941.87,330.75,154.37,112.61,None,1539.6,802.39
25-03-2024,2351.54,Consulting Service,South,975.9,330.75,160.54,115.81,None,1583.01,768.54
26-03-2024,2919.97,Hardware Sale,South,1183.55,330.75,156.16,109.23,None,1779.69,1140.28
27-03-2024,2644.29,Hardware Sale,West,1001.86,330.75,157.15,104.78,None,1594.54,1049.75
28-03-2024,2655.62,Hardware Sale,East,1091.76,330.75,139.81,110.06,None,1672.38,983.23
29-03-2024,2508.55,Consulting Service,West,949.49,330.75,168.64,102.13,None,1551.02,957.53
30-03-2024,2385.14,Hardware Sale,South,870.15,330.75,145.62,121.9,None,1468.42,916.73
31-03-2024,2505.21,Hardware Sale,East,1040.09,330.75,131.12,113.47,None,1615.43,889.78
01-04-2024,2614.4,Consulting Service,South,1038.33,330.75,136.33,104.7,None,1610.11,1004.29
02-04-2024,2705.19,Consulting Service,South,1073.19,330.75,161.04,113.87,None,1678.85,1026.34
03-04-2024,2586.97,Software License,East,1040.22,330.75,146.82,112.19,None,1629.98,956.99
04-04-2024,2614.59,Consulting Service,South,1043.48,330.75,161.25,112.78,None,1648.27,966.32
05-04-2024,2597.79,Software License,South,1055.82,330.75,151.51,104.78,None,1642.86,954.94
06-04-2024,2234.12,Software License,North,936.83,330.75,144.45,109.19,None,1521.21,712.91
07-04-2024,2494.57,Hardware Sale,West,917.84,330.75,152,116.82,None,1517.41,977.15
08-04-2024,2721.72,Software License,North,1091.17,330.75,151.6,114.74,None,1688.27,1033.46
09-04-2024,2561.04,Hardware Sale,North,1056.65,330.75,154.13,119.42,None,1660.95,900.09
10-04-2024,2605.07,Software License,West,1078.04,330.75,161.65,109.76,None,1680.19,924.88
11-04-2024,2520.79,Hardware Sale,East,1034.96,330.75,158.44,116.15,None,1640.29,880.5
12-04-2024,2358.28,Consulting Service,East,930.99,330.75,147.09,113.98,None,1522.81,835.47
13-04-2024,2388.16,Consulting Service,East,888.51,330.75,163.84,111.02,None,1494.12,894.05
14-04-2024,2425.3,Hardware Sale,North,1033.15,330.75,144.99,112.32,None,1621.21,804.09
15-04-2024,2722.18,Hardware Sale,South,1057.78,330.75,134.18,118.35,None,1641.06,1081.12
16-04-2024,2662.6,Software License,West,980.76,330.75,142.25,114.16,None,1567.92,1094.68
17-04-2024,2665.98,Hardware Sale,North,1031.62,330.75,125.47,103.38,None,1591.23,1074.76
18-04-2024,2628.86,Software License,South,1008.56,330.75,142.35,124.28,None,1605.94,1022.92
19-04-2024,2470.29,Hardware Sale,South,932.05,330.75,152.71,108.14,None,1523.65,946.64
20-04-2024,2416.11,Software License,East,1036.22,330.75,152.73,106.11,None,1625.81,790.31
21-04-2024,2344.97,Software License,East,907.21,330.75,148.29,101.75,None,1488,856.97
22-04-2024,2514.37,Software License,South,1022.55,330.75,152.5,119.53,None,1625.33,889.04
23-04-2024,2724.77,Software License,West,1100.99,330.75,150.1,108.92,None,1690.76,1034.01
24-04-2024,2587.9,Hardware Sale,North,1007.93,330.75,166.64,107.47,None,1612.79,975.11
25-04-2024,2530.21,Software License,South,1013.99,330.75,152,110.51,None,1607.25,922.95
26-04-2024,2443.23,Hardware Sale,East,952.08,330.75,148.44,124.21,None,1555.48,887.75
27-04-2024,2440.75,Hardware Sale,West,941.76,330.75,157.61,107.55,None,1537.67,903.07
28-04-2024,2535.56,Hardware Sale,North,1002.12,330.75,148.59,119.26,None,1600.72,934.84
29-04-2024,2461.17,Consulting Service,South,1038,330.75,149.01,103.77,None,1621.53,839.64
30-04-2024,2489.36,Hardware Sale,North,958.68,330.75,154.96,119.7,None,1564.09,925.27
01-05-2024,2546.62,Consulting Service,North,1071.84,330.75,142.37,110.45,None,1655.42,891.21
02-05-2024,2577.05,Software License,South,923.44,330.75,155.1,122.6,None,1531.9,1045.16
03-05-2024,2375.43,Software License,North,883.51,330.75,144.25,111.93,None,1470.45,904.98
04-05-2024,2285.72,Consulting Service,East,923.49,330.75,133.73,110.28,None,1498.26,787.46
05-05-2024,2167.37,Consulting Service,South,859.82,330.75,156.54,124.81,None,1471.92,695.44
06-05-2024,2489.21,Consulting Service,West,1007.22,330.75,140.91,115.4,None,1594.28,894.93
07-05-2024,2437.11,Hardware Sale,West,970,330.75,150.22,106.68,None,1557.65,879.46
08-05-2024,2603.42,Software License,East,989.52,330.75,143.01,117.47,None,1580.75,1022.68
09-05-2024,2461.77,Software License,West,1000.35,330.75,132.97,118.07,None,1582.14,879.63
10-05-2024,2605.28,Consulting Service,North,1036.63,330.75,153.79,114.61,None,1635.78,969.5
11-05-2024,2257.05,Consulting Service,South,924.26,330.75,149.35,107.25,None,1511.61,745.44
12-05-2024,2412.29,Software License,North,940.39,330.75,141.09,108.1,None,1520.33,891.97
13-05-2024,2309.11,Consulting Service,North,955.61,330.75,154.23,121.5,None,1562.09,747.02
14-05-2024,2308.74,Hardware Sale,West,903.91,330.75,149.24,105.47,None,1489.36,819.38
15-05-2024,2497.63,Hardware Sale,West,937.03,330.75,149.18,100.9,None,1517.86,979.78
16-05-2024,2546.07,Hardware Sale,East,1001.25,330.75,144.93,111.1,None,1588.03,958.03
17-05-2024,2229.88,Consulting Service,West,889.55,330.75,158.57,120.29,None,1499.17,730.71
18-05-2024,2219.15,Software License,South,855.85,330.75,182.47,124.93,None,1494,725.15
19-05-2024,2139.41,Hardware Sale,South,882.91,330.75,149.83,109.9,None,1473.39,666.02
20-05-2024,2213.29,Hardware Sale,West,861.54,330.75,143.46,118.1,None,1453.85,759.44
21-05-2024,2516.37,Hardware Sale,West,944.57,330.75,163.78,115.77,None,1554.88,961.5
22-05-2024,2554.27,Consulting Service,East,1103.18,330.75,148.59,105.02,None,1687.54,866.72
23-05-2024,2503.25,Hardware Sale,West,1040.54,330.75,125.44,112.14,None,1608.87,894.39
24-05-2024,2430,Software License,North,918.4,330.75,144.89,104.7,None,1498.75,931.26
25-05-2024,2207.97,Hardware Sale,East,948.3,330.75,141.28,112.75,None,1533.07,674.9
26-05-2024,2369.49,Consulting Service,East,940.67,330.75,156.24,104.68,None,1532.34,837.14
27-05-2024,2468.83,Consulting Service,West,905,330.75,148.18,120.6,None,1504.53,964.29
28-05-2024,2487.24,Software License,North,983.37,330.75,128.9,106.45,None,1549.47,937.76
29-05-2024,2561.8,Hardware Sale,West,1055.21,330.75,142.65,107.27,None,1635.87,925.93
30-05-2024,2472.87,Consulting Service,North,1024.23,330.75,144.49,103.07,None,1602.55,870.32
31-05-2024,2266.4,Software License,East,919.19,330.75,138.77,113.26,None,1501.97,764.43
01-06-2024,2326.95,Software License,West,927.42,330.75,154.86,116.67,None,1529.71,797.25
02-06-2024,2172.81,Software License,South,878.11,330.75,146.76,111.65,None,1467.28,705.53
03-06-2024,2423.17,Software License,North,1082.6,330.75,154.74,100.07,None,1668.16,755.02
04-06-2024,2563.39,Software License,East,1022.33,330.75,130.33,106.99,None,1590.4,972.99
05-06-2024,2453.06,Software License,North,996.18,330.75,141.7,120.98,None,1589.62,863.44
06-06-2024,2381.5,Hardware Sale,North,975.24,330.75,151.12,121.77,None,1578.88,802.63
07-06-2024,2356.76,Hardware Sale,East,899.25,330.75,159.6,104.3,None,1493.9,862.86
08-06-2024,2053.84,Hardware Sale,North,819.03,330.75,132.81,118.52,None,1401.11,652.73
09-06-2024,1988.06,Software License,East,838.44,330.75,166.8,113.55,None,1449.55,538.52
10-06-2024,2292.12,Consulting Service,North,930.06,330.75,164.24,101.75,None,1526.8,765.32
11-06-2024,2545.04,Consulting Service,South,1019.4,330.75,154.41,108.26,None,1612.82,932.22
12-06-2024,2310.3,Hardware Sale,North,913.57,330.75,144.05,101.61,None,1489.99,820.31
13-06-2024,2365.53,Software License,South,886.79,330.75,150.39,122.51,None,1490.43,875.1
14-06-2024,2319.89,Software License,South,852.05,330.75,153.64,124.44,None,1460.87,859.02
15-06-2024,2027.64,Consulting Service,North,814.05,330.75,153.18,109.94,None,1407.92,619.71
16-06-2024,2322.21,Software License,South,924.22,330.75,152.94,121.42,None,1529.33,792.88
17-06-2024,2295.55,Hardware Sale,West,817.42,330.75,160.09,116.53,None,1424.79,870.76
18-06-2024,2335.14,Consulting Service,West,919.16,330.75,142.77,107.39,None,1500.07,835.07
19-06-2024,2407.08,Consulting Service,North,976.15,330.75,144.7,117.36,None,1568.96,838.11
20-06-2024,2381.67,Consulting Service,South,968.43,330.75,144.78,124.37,None,1568.34,813.33
21-06-2024,2171.15,Hardware Sale,East,857.35,330.75,155.03,117.57,None,1460.7,710.45
22-06-2024,2173.24,Hardware Sale,North,794.44,330.75,146.6,103.55,None,1375.34,797.9
23-06-2024,2294.57,Software License,West,970.55,330.75,145.78,103.31,None,1550.39,744.17
24-06-2024,2211.34,Software License,South,920.32,330.75,139.84,115.96,None,1506.87,704.47
25-06-2024,2264.68,Consulting Service,West,984.23,330.75,155.03,115.71,None,1585.73,678.96
26-06-2024,2282.77,Consulting Service,East,935.86,330.75,134.09,109.17,None,1509.87,772.9
27-06-2024,2102.46,Consulting Service,East,904.63,330.75,149.06,115.41,None,1499.86,602.61
28-06-2024,2039.63,Consulting Service,North,808.36,330.75,132.43,114.61,None,1386.15,653.48
29-06-2024,2089.79,Consulting Service,South,820.93,330.75,159.44,111.01,None,1422.14,667.65
30-06-2024,2110.42,Consulting Service,South,800.41,330.75,165.69,107.17,None,1404.03,706.4
01-07-2024,2120.08,Consulting Service,South,795.23,330.75,168.59,120.25,None,1414.83,705.25
02-07-2024,2242.32,Hardware Sale,South,945.83,330.75,146.43,117.37,None,1540.38,701.94
03-07-2024,2199.61,Hardware Sale,North,899.95,330.75,146.8,118.81,None,1496.31,703.31
04-07-2024,2301.94,Software License,East,1004.27,330.75,147.71,124.73,None,1607.45,694.49
05-07-2024,2210.77,Software License,North,902.38,330.75,142.48,105.49,None,1481.1,729.67
06-07-2024,2026.98,Consulting Service,North,739.15,330.75,143.09,119.67,None,1332.66,694.31
07-07-2024,1895.04,Consulting Service,West,678.07,330.75,142.35,111.87,None,1263.04,632
08-07-2024,2202.23,Software License,South,876.27,330.75,158.98,116.71,None,1482.71,719.52
09-07-2024,2119.17,Consulting Service,North,864.61,330.75,151.4,111.63,None,1458.39,660.78
10-07-2024,2119.9,Hardware Sale,North,797.53,330.75,154.93,118.81,None,1402.02,717.88
11-07-2024,2134.33,Consulting Service,West,795.79,330.75,148.8,124.55,None,1399.89,734.44
12-07-2024,2103.06,Hardware Sale,South,857.53,330.75,151.53,113.33,None,1453.15,649.91
13-07-2024,2097.89,Consulting Service,North,821.1,330.75,152.25,116.05,None,1420.15,677.73
14-07-2024,2105.69,Consulting Service,East,865.91,330.75,144.77,115.76,None,1457.19,648.5
15-07-2024,2016.68,Consulting Service,North,767.57,330.75,134.25,109.27,None,1341.84,674.84
16-07-2024,2092.09,Hardware Sale,North,876.61,330.75,142.31,105.73,None,1455.4,636.68
17-07-2024,2327.23,Consulting Service,East,970.17,330.75,147.74,123.28,None,1571.95,755.28
18-07-2024,2245.13,Hardware Sale,West,905.8,330.75,151.12,105.85,None,1493.52,751.61
19-07-2024,2107.47,Software License,East,883.71,330.75,154.26,120.9,None,1489.62,617.85
20-07-2024,1952.76,Hardware Sale,North,744.33,330.75,153.29,119.4,None,1347.77,604.99
21-07-2024,1812.11,Consulting Service,East,784.93,330.75,163.96,106.57,None,1386.21,425.91
22-07-2024,1932.01,Hardware Sale,East,705.01,330.75,150.8,122.81,None,1309.37,622.64
23-07-2024,1993.76,Hardware Sale,West,851.05,330.75,145.52,100.9,None,1428.22,565.54
24-07-2024,2077.59,Software License,East,857.67,330.75,144.53,110.57,None,1443.52,634.07
25-07-2024,2128.96,Consulting Service,North,748.35,330.75,157.24,109.16,None,1345.5,783.46
26-07-2024,1757.04,Software License,North,681.88,330.75,157.54,118.46,None,1288.63,468.41
27-07-2024,1842.75,Consulting Service,North,716.64,330.75,157.86,103.2,None,1308.46,534.3
28-07-2024,1812.36,Software License,East,690.37,330.75,151.58,100.3,None,1273.01,539.35
29-07-2024,2082.17,Consulting Service,East,907.89,330.75,151.87,105.03,None,1495.53,586.65
30-07-2024,2190.83,Hardware Sale,South,925.85,330.75,145.94,109.96,None,1512.5,678.33
31-07-2024,2231.35,Hardware Sale,West,889.55,330.75,152.33,106.45,None,1479.08,752.27
01-08-2024,2182.75,Consulting Service,North,834.04,330.75,163.79,104.17,None,1432.75,749.99
02-08-2024,1767.51,Hardware Sale,East,734.57,330.75,145.75,110.96,None,1322.03,445.48
03-08-2024,1895.2,Hardware Sale,West,717.85,330.75,147.05,120.62,None,1316.26,578.94
04-08-2024,1789.09,Software License,East,630.8,330.75,158.18,100.85,None,1220.57,568.51
05-08-2024,1960.59,Hardware Sale,East,783.44,330.75,149.39,118.97,None,1382.55,578.04
06-08-2024,2130.69,Software License,South,830.07,330.75,144.14,100.44,None,1405.4,725.29
07-08-2024,2024.71,Software License,North,767.4,330.75,150.85,104.4,None,1353.41,671.3
08-08-2024,2160.57,Hardware Sale,South,939.86,330.75,152.45,112.13,None,1535.19,625.38
09-08-2024,1875.79,Software License,East,770.93,330.75,150.13,104,None,1355.81,519.98
10-08-2024,1716.36,Hardware Sale,South,701.66,330.75,144.57,101.27,None,1278.25,438.11
11-08-2024,1760.33,Hardware Sale,East,632.71,330.75,150.72,110.43,None,1224.6,535.72
12-08-2024,1712.86,Software License,East,647.51,330.75,172.8,101.46,None,1252.53,460.33
13-08-2024,2171.34,Software License,North,966.47,330.75,152.83,105.11,None,1555.17,616.18
14-08-2024,2046.96,Consulting Service,West,899.81,330.75,149.55,115.03,None,1495.14,551.83
15-08-2024,1920.97,Software License,North,786.92,330.75,156.77,107.16,None,1381.6,539.38
16-08-2024,1852.87,Software License,West,733.56,330.75,168.07,105.6,None,1337.98,514.89
17-08-2024,1767.83,Software License,North,675.99,330.75,157.97,104.81,None,1269.52,498.31
18-08-2024,1887,Software License,East,705.08,330.75,167.53,104.12,None,1307.49,579.51
19-08-2024,1724.06,Hardware Sale,East,628.06,330.75,140.67,111.68,None,1211.16,512.9
20-08-2024,2079.1,Hardware Sale,North,792.04,330.75,148.84,117.11,None,1388.74,690.37
21-08-2024,2172.21,Software License,East,924.17,330.75,158.82,119.59,None,1533.33,638.87
22-08-2024,1984.7,Hardware Sale,North,745.85,330.75,163.96,120.28,None,1360.84,623.86
23-08-2024,1779.75,Software License,South,687.39,330.75,156.34,115.88,None,1290.36,489.38
24-08-2024,1656.43,Hardware Sale,West,748.18,330.75,133.73,114.45,None,1327.12,329.32
25-08-2024,1774.2,Software License,South,632.82,330.75,157.1,120.54,None,1241.21,532.99
26-08-2024,1811.92,Software License,East,815.45,330.75,144.71,103.92,None,1394.83,417.09
27-08-2024,1954.81,Software License,South,816.74,330.75,151.97,119.77,None,1419.23,535.58
28-08-2024,2128.83,Consulting Service,North,928,330.75,148.9,112.82,None,1520.47,608.35
29-08-2024,1923.61,Hardware Sale,North,800.5,330.75,170.51,113.2,None,1414.97,508.64
30-08-2024,1832.82,Consulting Service,East,691.4,330.75,168.33,118.61,None,1309.09,523.72
31-08-2024,1884.72,Software License,North,748.63,330.75,163.82,119.97,None,1363.16,521.56
01-09-2024,1941.52,Software License,West,798.1,330.75,144.38,100.38,None,1373.6,567.92
02-09-2024,1810.04,Consulting Service,East,751.57,330.75,151.24,120.57,None,1354.12,455.91
03-09-2024,1886.07,Software License,West,706.22,330.75,154.61,124.47,None,1316.04,570.03
04-09-2024,1896.03,Software License,South,734.98,330.75,141.76,114.63,None,1322.12,573.91
05-09-2024,1806.46,Consulting Service,East,629.59,330.75,152.76,114.45,None,1227.55,578.91
06-09-2024,1793.58,Consulting Service,East,700.25,330.75,155.66,108.27,None,1294.93,498.65
07-09-2024,1870.45,Software License,East,729.18,330.75,142.86,107.47,None,1310.26,560.2
08-09-2024,1710.03,Consulting Service,East,730.54,330.75,164.79,122.12,None,1348.2,361.82
09-09-2024,1902.72,Software License,East,828.33,330.75,140.25,101.05,None,1400.37,502.35
10-09-2024,2053.48,Consulting Service,West,833.08,330.75,144.2,111.84,None,1419.87,633.61
11-09-2024,1993.35,Hardware Sale,West,890.81,330.75,163.96,104.93,None,1490.45,502.9
12-09-2024,1665.42,Software License,East,566.74,330.75,159.54,113.36,None,1170.39,495.04
13-09-2024,1692.24,Software License,South,606.53,330.75,161.31,124.91,None,1223.5,468.74
14-09-2024,1679.93,Software License,North,618.4,330.75,140.95,118.25,None,1208.34,471.58
15-09-2024,1694.69,Software License,South,602.11,330.75,151.52,110.49,None,1194.88,499.8
16-09-2024,1933.93,Hardware Sale,East,737.63,330.75,151.26,101.63,None,1321.27,612.66
17-09-2024,1933.2,Software License,North,788,330.75,152.18,112.75,None,1383.68,549.52
18-09-2024,1952.76,Consulting Service,East,662.54,330.75,127.57,107.23,None,1228.09,724.67
19-09-2024,1909.02,Hardware Sale,East,740.81,330.75,139.86,122.05,None,1333.47,575.55
20-09-2024,1710.3,Software License,South,676,330.75,132.15,116.29,None,1255.18,455.11
21-09-2024,1666.82,Software License,East,658.41,330.75,156.74,120.99,None,1266.88,399.93
22-09-2024,1542.78,Software License,East,645.86,330.75,161.42,107.32,None,1245.35,297.43
23-09-2024,1789.61,Hardware Sale,South,637.18,330.75,140.39,121.61,None,1229.93,559.67
24-09-2024,2058.51,Software License,West,806.11,330.75,163.43,111.97,None,1412.26,646.26
25-09-2024,1975.15,Software License,East,831,330.75,145.14,124.12,None,1431.01,544.14
26-09-2024,1923.21,Software License,East,740.53,330.75,171.83,122.74,None,1365.86,557.35
27-09-2024,1695.38,Software License,West,612.24,330.75,139.73,109.12,None,1191.83,503.54
28-09-2024,1809.65,Consulting Service,South,647.08,330.75,146.77,123.34,None,1247.94,561.71
29-09-2024,1664.3,Hardware Sale,West,590.96,330.75,162.85,107,None,1191.57,472.74
30-09-2024,1896.59,Consulting Service,North,870.39,330.75,144.15,104.92,None,1450.21,446.38
01-10-2024,1894.29,Hardware Sale,North,820.64,330.75,140.23,109.74,None,1401.36,492.93
02-10-2024,2108.45,Consulting Service,West,855.6,330.75,161.17,110.28,None,1457.8,650.65
03-10-2024,1983.77,Software License,South,725.81,330.75,142.36,123.67,None,1322.59,661.18
04-10-2024,1882.44,Software License,East,730.24,330.75,127.56,122.27,None,1310.82,571.63
05-10-2024,1599.06,Software License,North,589.87,330.75,139.21,120.41,None,1180.25,418.81
06-10-2024,1703.33,Hardware Sale,North,720.48,330.75,154.1,107.1,None,1312.43,390.9
07-10-2024,1610.4,Consulting Service,West,636.05,330.75,147.42,109.48,None,1223.7,386.7
08-10-2024,2022.83,Consulting Service,South,761.75,330.75,161.09,105.82,None,1359.4,663.42
09-10-2024,2043.14,Software License,North,916.57,330.75,158.5,101.24,None,1507.06,536.08
10-10-2024,1875.07,Software License,East,720.47,330.75,148,109.28,None,1308.5,566.58
11-10-2024,1841.06,Software License,East,774.12,330.75,165.93,123.64,None,1394.44,446.62
12-10-2024,1613.03,Consulting Service,West,668.67,330.75,146.82,112.99,None,1259.23,353.8
13-10-2024,1791.54,Hardware Sale,South,784.33,330.75,141.81,102.36,None,1359.25,432.29
14-10-2024,2000.32,Software License,West,780.17,330.75,154.12,103.1,None,1368.14,632.18
15-10-2024,1998.09,Consulting Service,South,790.08,330.75,152.85,108.59,None,1382.27,615.81
16-10-2024,2070.6,Software License,South,909.96,330.75,154.02,102.54,None,1497.27,573.33
17-10-2024,1747,Software License,North,818.56,330.75,156.49,118.35,None,1424.15,322.85
18-10-2024,1843.9,Software License,West,709.55,330.75,142.01,104.31,None,1286.63,557.27
19-10-2024,1738.44,Hardware Sale,East,666.69,330.75,157.56,120.33,None,1275.33,463.1
20-10-2024,1878.88,Hardware Sale,East,823.57,330.75,150.81,119.89,None,1425.02,453.87
21-10-2024,1839.67,Hardware Sale,East,822.68,330.75,161.17,109.61,None,1424.21,415.46
22-10-2024,2108.8,Software License,East,800.47,330.75,148.55,114.56,None,1394.33,714.47
23-10-2024,1873.71,Hardware Sale,South,791,330.75,138.1,103.93,None,1363.77,509.94
24-10-2024,1936.7,Consulting Service,East,840.74,330.75,150.15,113.62,None,1435.27,501.43
25-10-2024,1787.75,Hardware Sale,South,753.91,330.75,170.05,117.93,None,1372.63,415.11
26-10-2024,1997.89,Software License,East,776.26,330.75,155.54,103.56,None,1366.1,631.79
27-10-2024,1934.79,Software License,West,780.97,330.75,144.26,114.83,None,1370.82,563.97
28-10-2024,2072.03,Software License,South,835.25,330.75,167.92,109.59,None,1443.51,628.52
29-10-2024,1963.44,Software License,South,712.59,330.75,136.37,111.4,None,1291.11,672.33
30-10-2024,2004.71,Consulting Service,West,772.07,330.75,152.22,121.6,None,1376.65,628.06
31-10-2024,1909.86,Software License,North,760.96,330.75,148.98,105.54,None,1346.24,563.62
01-11-2024,1894.39,Consulting Service,South,704.37,330.75,155.16,112.49,None,1302.77,591.62
02-11-2024,1642.14,Software License,West,624.49,330.75,142.87,120.36,None,1218.47,423.68
03-11-2024,1700.81,Software License,East,779.67,330.75,142.99,109.27,None,1362.67,338.14
04-11-2024,1846.59,Software License,North,761.56,330.75,145.38,102.33,None,1340.02,506.57
05-11-2024,2130.23,Software License,North,934.74,330.75,150.26,116.39,None,1532.15,598.08
06-11-2024,2060.27,Hardware Sale,North,856.49,330.75,150.68,117.87,None,1455.79,604.48
07-11-2024,2025.1,Hardware Sale,South,787.38,330.75,155.83,100.12,None,1374.08,651.02
08-11-2024,1830.72,Hardware Sale,South,774.07,330.75,150.36,107.84,None,1363.03,467.69
09-11-2024,1890.16,Software License,West,796.81,330.75,159.69,108.93,None,1396.18,493.98
10-11-2024,1778.44,Software License,West,690.31,330.75,138.02,102.53,None,1261.62,516.83
11-11-2024,1999.76,Software License,East,810.08,330.75,144.96,118.62,None,1404.41,595.35
12-11-2024,2194.87,Software License,West,842.63,330.75,157.38,123.45,None,1454.21,740.66
13-11-2024,2182.54,Hardware Sale,South,858.72,330.75,154.66,122.59,None,1466.72,715.82
14-11-2024,1905.07,Hardware Sale,East,748.35,330.75,144.14,117.13,None,1340.38,564.69
15-11-2024,1969.73,Hardware Sale,North,843.3,330.75,145.83,101.84,None,1421.72,548
16-11-2024,1922.51,Software License,West,798.61,330.75,137.87,100.68,None,1367.91,554.59
17-11-2024,1845.34,Software License,North,778.08,330.75,137.74,107.17,None,1353.73,491.61
18-11-2024,2114.02,Software License,South,856.94,330.75,150.66,100.23,None,1438.58,675.44
19-11-2024,2050.57,Software License,South,825.37,330.75,138.79,122.36,None,1417.27,633.3
20-11-2024,2128.3,Consulting Service,West,927.43,330.75,149.5,113.1,None,1520.77,607.52
21-11-2024,2077.83,Software License,South,876.16,330.75,158.26,112.37,None,1477.54,600.29
22-11-2024,1967.23,Consulting Service,North,847.95,330.75,167.17,107.11,None,1452.97,514.26
23-11-2024,1919.77,Consulting Service,East,621.82,330.75,149.06,103.72,None,1205.35,714.42
24-11-2024,1999.88,Software License,West,752.13,330.75,140.47,121.65,None,1345,654.88
25-11-2024,2071.24,Hardware Sale,North,748.11,330.75,153.02,123.66,None,1355.54,715.69
26-11-2024,2037.03,Hardware Sale,South,697.24,330.75,149.19,119.04,None,1296.22,740.81
27-11-2024,2124.62,Software License,South,875.29,330.75,140.89,120.57,None,1467.5,657.12
28-11-2024,1874.22,Software License,West,737.27,330.75,191.09,102.56,None,1361.67,512.55
29-11-2024,1968.38,Consulting Service,South,817.91,330.75,154.57,103.93,None,1407.16,561.21
30-11-2024,1899.41,Software License,East,725.2,330.75,146.1,123.31,None,1325.36,574.05
01-12-2024,3464.01,Hardware Sale,West,877.72,330.75,153.15,856.98,EOY Push,2218.61,1245.4
02-12-2024,2850.93,Software License,West,825.63,330.75,155.44,673.96,EOY Push,1985.78,865.16
03-12-2024,3323.03,Consulting Service,West,978.8,330.75,158.61,729.9,EOY Push,2198.06,1124.96
04-12-2024,3731.86,Consulting Service,East,987.91,330.75,145.45,859.6,EOY Push,2323.71,1408.15
05-12-2024,3194.87,Hardware Sale,East,931.36,330.75,143.02,751.57,EOY Push,2156.7,1038.17
06-12-2024,3166.14,Consulting Service,West,828.22,330.75,154.34,779.68,EOY Push,2093,1073.14
07-12-2024,2966.66,Consulting Service,West,769.14,330.75,146.32,949.77,EOY Push,2195.98,770.68
08-12-2024,3144.69,Software License,South,738.95,330.75,143.45,667.81,EOY Push,1880.96,1263.73
09-12-2024,3126.23,Software License,West,831.44,330.75,141.99,795.03,EOY Push,2099.2,1027.02
10-12-2024,3656.21,Consulting Service,South,931.51,330.75,154.31,981.69,EOY Push,2398.26,1257.95
11-12-2024,3230.16,Hardware Sale,East,894.3,330.75,170.22,925.05,EOY Push,2320.32,909.83
12-12-2024,3421.83,Software License,North,857.95,330.75,151.66,977.45,EOY Push,2317.81,1104.02
13-12-2024,3368.2,Software License,North,828.57,330.75,154.95,716.56,EOY Push,2030.83,1337.37
14-12-2024,3035.44,Hardware Sale,South,783.1,330.75,156.89,793.83,EOY Push,2064.57,970.87
15-12-2024,3410.74,Hardware Sale,North,857.07,330.75,153.28,949.33,EOY Push,2290.42,1120.32
16-12-2024,3122.79,Software License,East,1005.42,330.75,146.47,1015.3,EOY Push,2497.93,624.87
17-12-2024,3447.85,Software License,South,1025.93,330.75,140.79,916.33,EOY Push,2413.8,1034.04
18-12-2024,3122.81,Software License,West,876.43,330.75,150.3,965.55,EOY Push,2323.03,799.78
19-12-2024,3951.36,Hardware Sale,West,921.55,330.75,147.67,819.99,EOY Push,2219.96,1731.4
20-12-2024,3135.21,Hardware Sale,North,889.44,330.75,146.97,971.34,EOY Push,2338.5,796.71
21-12-2024,3343.23,Consulting Service,West,892.06,330.75,144.47,804.76,EOY Push,2172.03,1171.2
22-12-2024,3353.55,Consulting Service,North,793.45,330.75,145.01,628.63,EOY Push,1897.84,1455.71
23-12-2024,3542.93,Software License,East,781.95,330.75,156.52,816.13,EOY Push,2085.35,1457.58
24-12-2024,3931.89,Hardware Sale,West,1035.28,330.75,146.09,1047.32,EOY Push,2559.44,1372.45
25-12-2024,2444.54,Consulting Service,South,992.96,330.75,142.73,116.06,None,1582.5,862.04
26-12-2024,2258.45,Software License,East,995.08,330.75,157.52,111.08,None,1594.43,664.03
27-12-2024,2197.54,Software License,South,934.95,330.75,146.45,122.26,None,1534.4,663.13
28-12-2024,2187.25,Software License,North,959.74,330.75,151.3,119.36,None,1561.15,626.1
29-12-2024,2269.78,Hardware Sale,West,894.09,330.75,138.34,115.03,None,1478.22,791.57
30-12-2024,2165.36,Consulting Service,East,947.59,330.75,152.25,114.7,None,1545.29,620.07
31-12-2024,2499.47,Software License,East,938.79,330.75,162.25,112.74,None,1544.53,954.94
